user_id,matched_user_id,text_similarity,mbti_score,location_score,compatibility_score,action,timestamp
U001,U006,3.0,10.0,100.0,24.5,0,2025-04-30
U001,U065,1.37,55.0,100.0,37.18,0,2025-05-13
U001,U020,41.58,30.0,10.0,31.79,0,2025-03-15
U001,U002,3.22,30.0,100.0,30.61,1,2025-05-25
U001,U030,86.81,45.0,10.0,58.91,0,2025-06-21
U001,U075,3.57,30.0,10.0,12.79,0,2025-02-19
U001,U012,0.22,30.0,50.0,19.11,0,2025-02-11
U001,U036,15.03,75.0,10.0,32.02,0,2025-02-15
U001,U014,15.89,45.0,50.0,31.44,1,2025-02-13
U001,U057,12.97,55.0,50.0,32.98,0,2025-05-20
U001,U067,4.28,45.0,10.0,17.64,1,2025-05-31
U001,U033,4.19,30.0,50.0,21.09,0,2025-04-09
U001,U011,9.08,55.0,10.0,23.04,1,2025-04-15
U001,U047,2.24,30.0,50.0,20.12,0,2025-05-21
U001,U007,14.77,75.0,10.0,31.88,1,2025-06-29
U001,U024,2.08,30.0,50.0,20.04,0,2025-04-05
U001,U059,6.21,45.0,10.0,18.61,1,2025-05-23
U001,U052,32.88,75.0,10.0,40.94,0,2025-03-25
U001,U035,34.08,75.0,10.0,41.54,1,2025-05-18
U001,U041,3.97,10.0,10.0,6.99,1,2025-06-13
U001,U072,1.24,45.0,50.0,24.12,0,2025-06-30
U001,U018,2.95,45.0,10.0,16.97,1,2025-07-08
U001,U037,6.65,100.0,50.0,43.32,1,2025-01-21
U001,U046,8.98,100.0,10.0,36.49,1,2025-05-02
U001,U063,3.33,45.0,50.0,25.16,0,2025-03-04
U001,U009,3.41,10.0,10.0,6.7,0,2025-06-05
U001,U058,2.49,45.0,10.0,16.75,0,2025-06-18
U002,U011,8.65,45.0,10.0,19.82,1,2025-06-19
U002,U022,4.37,45.0,10.0,17.68,1,2025-06-06
U002,U014,5.48,30.0,50.0,21.74,0,2025-02-11
U002,U015,49.06,45.0,10.0,40.03,1,2025-05-08
U002,U071,45.48,45.0,100.0,56.24,0,2025-04-28
U002,U016,5.45,45.0,10.0,18.22,0,2025-01-30
U002,U050,2.24,30.0,10.0,12.12,0,2025-03-11
U002,U054,3.82,65.0,10.0,23.41,1,2025-02-27
U002,U044,2.73,45.0,10.0,16.87,1,2025-02-24
U002,U052,6.2,30.0,10.0,14.1,0,2025-02-15
U002,U048,4.37,30.0,10.0,13.18,0,2025-05-05
U002,U023,3.44,10.0,50.0,14.72,1,2025-03-17
U002,U030,21.78,55.0,10.0,29.39,0,2025-03-08
U002,U049,6.63,55.0,10.0,21.82,1,2025-02-10
U002,U007,7.05,30.0,10.0,14.52,1,2025-06-13
U002,U005,9.54,45.0,10.0,20.27,0,2025-06-19
U002,U009,2.52,55.0,10.0,19.76,1,2025-06-28
U002,U072,5.24,30.0,50.0,21.62,1,2025-06-10
U002,U046,12.31,45.0,10.0,21.66,1,2025-02-14
U002,U035,3.7,30.0,10.0,12.85,1,2025-06-02
U002,U073,12.24,45.0,10.0,21.62,1,2025-04-11
U002,U062,6.33,55.0,10.0,21.66,0,2025-04-05
U002,U070,6.08,45.0,10.0,18.54,0,2025-05-14
U002,U038,31.8,45.0,10.0,31.4,1,2025-07-08
U002,U058,21.7,55.0,10.0,29.35,1,2025-04-20
U002,U059,6.66,30.0,10.0,14.33,1,2025-04-27
U002,U045,5.25,30.0,50.0,21.63,0,2025-05-05
U003,U025,9.73,45.0,50.0,28.36,1,2025-02-02
U003,U057,37.35,45.0,10.0,34.17,1,2025-05-17
U003,U019,9.85,30.0,10.0,15.93,1,2025-05-13
U003,U071,7.91,45.0,10.0,19.45,0,2025-04-20
U003,U039,62.94,55.0,10.0,49.97,0,2025-03-24
U003,U009,2.36,55.0,50.0,27.68,1,2025-04-14
U003,U028,1.55,30.0,10.0,11.77,1,2025-02-13
U003,U051,3.13,45.0,10.0,17.07,0,2025-06-12
U003,U012,37.37,45.0,10.0,34.19,0,2025-04-24
U003,U002,33.24,45.0,10.0,32.12,0,2025-03-25
U003,U066,1.58,30.0,100.0,29.79,0,2025-06-22
U003,U032,7.29,55.0,10.0,22.15,0,2025-07-05
U003,U007,8.62,30.0,100.0,33.31,1,2025-04-15
U003,U034,1.55,100.0,50.0,40.77,0,2025-05-02
U003,U011,5.15,10.0,50.0,15.57,0,2025-04-24
U003,U037,2.04,45.0,10.0,16.52,0,2025-04-05
U003,U052,10.56,30.0,50.0,24.28,1,2025-05-29
U003,U045,3.64,30.0,10.0,12.82,1,2025-02-06
U003,U005,9.43,45.0,50.0,28.22,1,2025-04-30
U003,U008,0.97,55.0,10.0,18.99,1,2025-02-03
U003,U022,2.81,10.0,10.0,6.41,0,2025-06-09
U003,U058,0.97,30.0,10.0,11.49,1,2025-02-20
U003,U036,3.2,30.0,50.0,20.6,1,2025-06-21
U003,U061,35.34,45.0,10.0,33.17,0,2025-03-26
U003,U070,7.79,75.0,10.0,28.39,1,2025-01-16
U003,U021,4.81,45.0,50.0,25.9,1,2025-07-06
U003,U050,0.61,30.0,10.0,11.31,1,2025-04-02
U004,U035,64.07,55.0,10.0,50.53,1,2025-06-03
U004,U025,4.57,10.0,10.0,7.29,0,2025-06-15
U004,U041,4.6,30.0,10.0,13.3,0,2025-04-01
U004,U064,5.9,45.0,10.0,18.45,0,2025-01-19
U004,U008,7.1,55.0,10.0,22.05,1,2025-02-11
U004,U030,6.05,55.0,10.0,21.52,0,2025-07-05
U004,U058,7.1,55.0,10.0,22.05,1,2025-04-05
U004,U002,5.09,45.0,100.0,36.05,1,2025-04-18
U004,U071,2.69,45.0,100.0,34.85,1,2025-04-14
U004,U047,3.66,45.0,50.0,25.33,1,2025-03-03
U004,U006,56.75,30.0,100.0,57.38,1,2025-04-04
U004,U067,59.05,100.0,10.0,61.52,1,2025-07-01
U004,U069,39.92,100.0,10.0,51.96,0,2025-02-10
U004,U056,1.02,45.0,100.0,34.01,1,2025-06-12
U004,U052,18.85,55.0,10.0,27.93,0,2025-02-28
U004,U044,3.4,45.0,10.0,17.2,0,2025-03-07
U004,U063,3.41,100.0,50.0,41.7,1,2025-04-04
U004,U013,0.24,100.0,10.0,32.12,1,2025-06-24
U004,U070,4.1,45.0,10.0,17.55,0,2025-02-08
U004,U043,5.69,45.0,100.0,36.34,0,2025-03-02
U004,U048,6.04,100.0,10.0,35.02,0,2025-02-08
U004,U024,1.5,10.0,50.0,13.75,0,2025-02-07
U004,U023,3.59,45.0,50.0,25.3,0,2025-01-26
U004,U038,3.96,75.0,10.0,26.48,0,2025-03-03
U004,U049,3.71,30.0,10.0,12.85,0,2025-05-04
U004,U031,2.11,100.0,10.0,33.06,1,2025-04-14
U004,U015,3.07,45.0,10.0,17.04,0,2025-04-23
U005,U039,3.52,55.0,10.0,20.26,1,2025-02-22
U005,U017,0.83,30.0,10.0,11.42,0,2025-05-27
U005,U038,63.15,75.0,10.0,56.08,1,2025-04-30
U005,U041,6.12,30.0,10.0,14.06,0,2025-05-02
U005,U030,34.89,55.0,10.0,35.94,1,2025-01-15
U005,U004,2.96,75.0,10.0,25.98,0,2025-03-09
U005,U056,19.38,45.0,10.0,25.19,0,2025-06-08
U005,U034,0.8,30.0,50.0,19.4,0,2025-01-13
U005,U045,5.48,100.0,10.0,34.74,0,2025-06-10
U005,U063,5.28,100.0,10.0,34.64,1,2025-02-09
U005,U059,6.49,100.0,10.0,35.25,0,2025-01-15
U005,U058,3.56,55.0,10.0,20.28,0,2025-03-29
U005,U011,10.05,45.0,50.0,28.53,1,2025-07-07
U005,U032,19.73,65.0,10.0,31.37,1,2025-07-07
U005,U074,2.87,45.0,50.0,24.93,1,2025-05-07
U005,U054,1.03,10.0,50.0,13.52,0,2025-05-02
U005,U021,1.42,45.0,100.0,34.21,0,2025-03-14
U005,U012,0.0,45.0,10.0,15.5,1,2025-04-19
U005,U067,1.55,100.0,50.0,40.78,1,2025-07-06
U005,U069,9.24,100.0,100.0,54.62,1,2025-05-19
U005,U003,9.43,45.0,50.0,28.22,1,2025-03-13
U005,U008,3.56,55.0,10.0,20.28,1,2025-06-01
U005,U066,45.89,55.0,50.0,49.45,1,2025-02-27
U005,U055,1.02,30.0,10.0,11.51,0,2025-03-28
U005,U014,20.03,65.0,10.0,31.51,0,2025-03-26
U005,U002,9.54,45.0,10.0,20.27,0,2025-06-08
U005,U025,38.52,10.0,50.0,32.26,0,2025-03-10
U006,U012,6.23,55.0,50.0,29.61,0,2025-03-24
U006,U065,5.6,100.0,100.0,52.8,1,2025-02-25
U006,U010,5.07,45.0,100.0,36.04,0,2025-04-23
U006,U025,4.81,55.0,10.0,20.9,1,2025-03-10
U006,U022,8.97,30.0,10.0,15.49,1,2025-03-18
U006,U013,39.64,45.0,10.0,35.32,1,2025-04-25
U006,U045,7.89,45.0,50.0,27.44,1,2025-03-01
U006,U046,0.52,55.0,10.0,18.76,0,2025-06-09
U006,U035,56.43,10.0,10.0,33.21,0,2025-04-29
U006,U020,11.85,55.0,10.0,24.42,0,2025-03-13
U006,U057,5.17,30.0,50.0,21.58,0,2025-06-07
U006,U064,6.08,55.0,10.0,21.54,1,2025-07-08
U006,U056,38.28,30.0,100.0,48.14,1,2025-02-03
U006,U017,58.39,75.0,100.0,71.7,1,2025-06-20
U006,U069,5.09,45.0,10.0,18.05,1,2025-07-07
U006,U044,2.0,55.0,10.0,19.5,0,2025-04-07
U006,U021,3.54,55.0,10.0,20.27,0,2025-06-08
U006,U036,4.08,10.0,10.0,7.04,1,2025-04-03
U006,U042,4.46,75.0,50.0,34.73,1,2025-03-13
U006,U014,5.32,45.0,50.0,26.16,0,2025-05-30
U006,U047,4.94,55.0,50.0,28.97,0,2025-03-12
U006,U029,6.65,45.0,10.0,18.82,0,2025-06-26
U006,U032,55.05,45.0,10.0,43.03,0,2025-07-03
U006,U073,5.55,55.0,10.0,21.27,1,2025-05-03
U006,U074,5.98,100.0,10.0,34.99,1,2025-01-17
U006,U011,2.56,30.0,10.0,12.28,1,2025-04-29
U006,U053,53.67,55.0,10.0,45.33,1,2025-02-10
U007,U056,17.23,55.0,10.0,27.12,0,2025-02-03
U007,U023,2.14,65.0,10.0,22.57,0,2025-01-13
U007,U045,26.18,45.0,10.0,28.59,0,2025-03-20
U007,U062,4.92,10.0,10.0,7.46,0,2025-02-19
U007,U040,4.39,30.0,10.0,13.2,0,2025-05-11
U007,U050,2.2,45.0,10.0,16.6,1,2025-02-05
U007,U051,3.55,100.0,10.0,33.77,1,2025-03-03
U007,U018,69.27,45.0,10.0,50.13,0,2025-05-11
U007,U014,19.18,45.0,10.0,25.09,1,2025-04-26
U007,U016,1.29,100.0,50.0,40.65,0,2025-02-04
U007,U065,5.0,55.0,10.0,21.0,1,2025-06-22
U007,U073,3.18,100.0,50.0,41.59,0,2025-03-04
U007,U039,8.22,45.0,10.0,19.61,0,2025-06-08
U007,U042,63.94,10.0,10.0,36.97,1,2025-06-06
U007,U031,27.72,45.0,10.0,29.36,1,2025-04-28
U007,U069,5.75,45.0,50.0,26.37,0,2025-03-23
U007,U029,6.07,45.0,50.0,26.53,1,2025-03-11
U007,U026,4.71,75.0,50.0,34.86,1,2025-02-13
U007,U054,2.0,30.0,100.0,30.0,1,2025-07-07
U007,U010,3.49,45.0,10.0,17.24,1,2025-02-22
U007,U006,2.74,10.0,10.0,6.37,0,2025-03-05
U007,U027,3.98,10.0,10.0,6.99,0,2025-04-02
U007,U059,2.83,45.0,10.0,16.92,0,2025-05-07
U007,U070,2.82,30.0,10.0,12.41,1,2025-04-08
U007,U013,4.77,45.0,10.0,17.88,0,2025-04-28
U007,U028,1.48,45.0,10.0,16.24,0,2025-06-03
U007,U043,28.43,55.0,10.0,32.71,1,2025-05-24
U008,U054,39.61,100.0,10.0,51.81,1,2025-04-07
U008,U058,100.0,45.0,10.0,65.5,0,2025-03-11
U008,U074,32.22,55.0,10.0,34.61,1,2025-03-13
U008,U020,1.13,100.0,50.0,40.57,0,2025-06-11
U008,U047,3.47,55.0,10.0,20.24,1,2025-06-06
U008,U062,4.38,45.0,100.0,35.69,1,2025-03-24
U008,U039,0.96,75.0,100.0,42.98,1,2025-01-12
U008,U006,10.53,45.0,10.0,20.76,1,2025-07-05
U008,U012,4.1,55.0,10.0,20.55,0,2025-03-11
U008,U073,6.65,30.0,10.0,14.33,1,2025-06-03
U008,U056,5.94,30.0,10.0,13.97,1,2025-05-09
U008,U009,3.37,45.0,10.0,17.18,0,2025-04-20
U008,U052,2.06,45.0,10.0,16.53,0,2025-05-12
U008,U066,1.52,45.0,10.0,16.26,0,2025-06-28
U008,U055,37.82,45.0,10.0,34.41,0,2025-05-28
U008,U029,3.57,10.0,10.0,6.79,0,2025-03-22
U008,U001,2.49,45.0,10.0,16.75,0,2025-02-15
U008,U005,3.56,55.0,10.0,20.28,1,2025-03-31
U008,U048,1.55,10.0,10.0,5.78,0,2025-04-12
U008,U011,3.08,30.0,10.0,12.54,1,2025-04-17
U008,U051,4.07,30.0,10.0,13.04,1,2025-01-15
U008,U065,2.07,55.0,10.0,19.54,1,2025-03-09
U008,U042,2.59,45.0,10.0,16.79,0,2025-04-08
U008,U013,8.66,10.0,10.0,9.33,0,2025-06-24
U008,U022,88.57,30.0,50.0,63.29,0,2025-02-09
U008,U068,2.63,45.0,100.0,34.82,0,2025-06-16
U008,U021,18.25,55.0,10.0,27.62,0,2025-03-27
U009,U017,5.83,75.0,10.0,27.42,0,2025-02-25
U009,U005,2.78,30.0,100.0,30.39,0,2025-06-05
U009,U044,64.36,55.0,10.0,50.68,1,2025-05-13
U009,U058,3.37,45.0,10.0,17.18,1,2025-03-14
U009,U008,3.37,45.0,10.0,17.18,1,2025-01-24
U009,U063,1.4,45.0,10.0,16.2,0,2025-07-02
U009,U075,3.31,55.0,10.0,20.15,1,2025-02-05
U009,U052,6.46,10.0,100.0,26.23,1,2025-04-12
U009,U069,59.3,45.0,100.0,63.15,0,2025-05-20
U009,U022,1.84,30.0,10.0,11.92,0,2025-01-26
U009,U053,0.84,55.0,50.0,26.92,0,2025-07-04
U009,U026,29.95,10.0,100.0,37.98,1,2025-04-07
U009,U041,2.48,75.0,10.0,25.74,0,2025-03-22
U009,U049,59.14,65.0,10.0,51.07,1,2025-04-29
U009,U034,1.41,65.0,50.0,30.21,1,2025-02-23
U009,U010,75.79,45.0,10.0,53.4,0,2025-01-20
U009,U073,17.85,55.0,50.0,35.42,1,2025-03-26
U009,U003,2.36,55.0,50.0,27.68,0,2025-04-05
U009,U045,4.28,45.0,10.0,17.64,0,2025-04-16
U009,U050,5.29,45.0,10.0,18.15,0,2025-06-16
U009,U025,3.84,55.0,50.0,28.42,1,2025-04-22
U009,U039,9.55,45.0,10.0,20.28,1,2025-05-11
U009,U002,2.52,55.0,10.0,19.76,1,2025-06-30
U009,U024,0.83,55.0,10.0,18.92,1,2025-05-12
U009,U032,1.25,45.0,10.0,16.12,0,2025-06-18
U009,U020,6.32,55.0,10.0,21.66,0,2025-07-06
U009,U060,60.87,10.0,10.0,35.44,0,2025-01-16
U010,U044,62.89,55.0,10.0,49.94,0,2025-02-18
U010,U001,1.19,45.0,100.0,34.09,1,2025-01-17
U010,U017,6.93,45.0,100.0,36.97,1,2025-06-30
U010,U053,3.27,55.0,10.0,20.14,1,2025-03-19
U010,U055,4.3,45.0,50.0,25.65,1,2025-03-10
U010,U041,2.37,45.0,10.0,16.69,0,2025-04-03
U010,U012,25.93,30.0,50.0,31.97,0,2025-04-08
U010,U035,3.37,45.0,10.0,17.18,1,2025-06-26
U010,U048,26.38,75.0,10.0,37.69,0,2025-02-25
U010,U063,1.88,75.0,50.0,33.44,1,2025-03-30
U010,U065,30.27,30.0,100.0,44.13,0,2025-04-24
U010,U067,4.87,75.0,10.0,26.93,0,2025-01-10
U010,U050,3.87,75.0,10.0,26.44,1,2025-06-23
U010,U002,2.78,30.0,100.0,30.39,1,2025-05-09
U010,U062,32.97,45.0,10.0,31.99,0,2025-05-23
U010,U039,39.24,10.0,10.0,24.62,1,2025-03-28
U010,U028,1.42,45.0,10.0,16.21,0,2025-02-04
U010,U009,75.79,45.0,10.0,53.4,1,2025-03-09
U010,U054,4.04,55.0,10.0,20.52,0,2025-01-21
U010,U032,3.88,45.0,10.0,17.44,0,2025-02-21
U010,U057,24.86,100.0,50.0,52.43,0,2025-02-17
U010,U040,1.5,30.0,100.0,29.75,1,2025-02-16
U010,U043,62.07,30.0,100.0,60.03,1,2025-03-02
U010,U075,3.31,30.0,10.0,12.66,0,2025-01-17
U010,U005,0.0,100.0,10.0,32.0,0,2025-06-15
U010,U021,59.02,30.0,10.0,40.51,1,2025-02-12
U010,U025,3.12,55.0,10.0,20.06,0,2025-06-16
U011,U040,40.29,45.0,10.0,35.64,0,2025-06-14
U011,U058,3.08,55.0,10.0,20.04,1,2025-05-22
U011,U036,3.02,55.0,100.0,38.01,1,2025-01-24
U011,U061,1.99,45.0,10.0,16.5,0,2025-04-27
U011,U031,2.32,65.0,10.0,22.66,1,2025-03-30
U011,U057,5.18,45.0,10.0,18.09,0,2025-02-14
U011,U033,1.31,45.0,10.0,16.16,1,2025-05-30
U011,U030,10.25,30.0,10.0,16.13,1,2025-05-06
U011,U073,5.88,45.0,100.0,36.44,0,2025-06-14
U011,U064,5.83,45.0,50.0,26.41,1,2025-06-16
U011,U010,1.14,65.0,10.0,22.07,0,2025-04-09
U011,U037,25.14,45.0,10.0,28.07,0,2025-02-17
U011,U021,6.36,45.0,50.0,26.68,1,2025-06-28
U011,U003,5.15,10.0,50.0,15.57,1,2025-05-07
U011,U065,4.36,45.0,10.0,17.68,1,2025-07-01
U011,U075,5.54,10.0,10.0,7.77,1,2025-06-08
U011,U046,51.91,45.0,10.0,41.45,1,2025-02-04
U011,U056,1.95,75.0,10.0,25.48,1,2025-05-10
U011,U059,23.5,65.0,10.0,33.25,1,2025-06-12
U011,U013,1.11,65.0,10.0,22.06,0,2025-04-19
U011,U028,9.03,55.0,10.0,23.01,1,2025-06-22
U011,U016,7.08,45.0,50.0,27.04,0,2025-07-03
U011,U022,13.44,75.0,10.0,31.22,0,2025-05-08
U011,U007,6.25,55.0,50.0,29.63,1,2025-06-01
U011,U023,6.71,45.0,10.0,18.85,1,2025-05-27
U011,U025,2.26,45.0,100.0,34.63,0,2025-06-11
U011,U068,41.04,30.0,10.0,31.52,0,2025-06-04
U012,U030,1.13,55.0,10.0,19.07,1,2025-06-08
U012,U057,26.32,45.0,50.0,36.66,0,2025-01-25
U012,U065,29.91,45.0,50.0,38.45,1,2025-05-31
U012,U019,4.04,30.0,50.0,21.02,1,2025-03-16
U012,U015,5.54,45.0,10.0,18.27,0,2025-03-25
U012,U026,2.27,30.0,10.0,12.13,0,2025-03-05
U012,U064,64.99,75.0,10.0,57.0,1,2025-04-05
U012,U044,0.82,45.0,10.0,15.91,0,2025-02-27
U012,U011,2.18,45.0,10.0,16.59,0,2025-06-16
U012,U007,4.44,30.0,10.0,13.22,0,2025-03-30
U012,U031,2.1,30.0,10.0,12.05,1,2025-06-07
U012,U029,35.13,30.0,10.0,28.57,0,2025-01-29
U012,U027,1.87,55.0,10.0,19.43,0,2025-02-03
U012,U032,6.52,30.0,10.0,14.26,0,2025-03-15
U012,U001,0.22,30.0,50.0,19.11,0,2025-07-08
U012,U072,27.15,30.0,50.0,32.57,0,2025-05-30
U012,U069,0.63,30.0,10.0,11.31,0,2025-02-03
U012,U010,25.93,30.0,50.0,31.97,1,2025-02-10
U012,U017,5.94,55.0,50.0,29.47,0,2025-03-10
U012,U016,7.18,45.0,10.0,19.09,1,2025-05-19
U012,U050,65.94,30.0,10.0,43.97,1,2025-06-20
U012,U048,27.93,30.0,10.0,24.97,1,2025-07-06
U012,U051,65.55,45.0,100.0,66.28,1,2025-04-18
U012,U013,1.12,30.0,10.0,11.56,0,2025-05-04
U012,U071,1.86,45.0,50.0,24.43,1,2025-01-13
U012,U062,29.43,55.0,10.0,33.22,0,2025-04-22
U012,U021,2.68,75.0,10.0,25.84,0,2025-06-24
U013,U047,2.81,30.0,10.0,12.4,0,2025-03-19
U013,U023,3.29,55.0,10.0,20.14,0,2025-03-27
U013,U069,1.02,75.0,10.0,25.01,0,2025-04-28
U013,U060,1.3,45.0,10.0,16.15,1,2025-05-22
U013,U042,5.15,45.0,10.0,18.07,1,2025-04-29
U013,U045,6.94,75.0,10.0,27.97,0,2025-05-24
U013,U003,11.34,30.0,10.0,16.67,1,2025-01-14
U013,U029,0.3,75.0,10.0,24.65,0,2025-03-14
U013,U020,9.22,55.0,10.0,23.11,1,2025-03-31
U013,U071,6.12,55.0,10.0,21.56,0,2025-07-06
U013,U041,6.85,45.0,10.0,18.92,0,2025-03-28
U013,U062,5.52,45.0,10.0,18.26,1,2025-05-03
U013,U008,8.66,10.0,10.0,9.33,1,2025-01-11
U013,U012,1.12,30.0,10.0,11.56,0,2025-06-02
U013,U026,5.46,45.0,10.0,18.23,1,2025-06-26
U013,U021,2.55,30.0,10.0,12.28,0,2025-03-09
U013,U034,36.89,45.0,10.0,33.94,0,2025-01-31
U013,U031,0.74,75.0,10.0,24.87,1,2025-02-10
U013,U017,1.56,45.0,10.0,16.28,0,2025-05-11
U013,U066,4.93,45.0,10.0,17.97,1,2025-07-03
U013,U054,4.46,55.0,10.0,20.73,1,2025-05-15
U013,U057,4.31,100.0,10.0,34.16,1,2025-06-09
U013,U061,19.94,55.0,10.0,28.47,1,2025-06-08
U013,U025,37.09,55.0,10.0,37.04,1,2025-01-22
U013,U073,36.83,55.0,10.0,36.91,0,2025-07-08
U013,U009,0.23,45.0,10.0,15.61,0,2025-04-07
U013,U043,2.1,30.0,10.0,12.05,0,2025-04-16
U014,U063,3.31,45.0,100.0,35.16,0,2025-03-30
U014,U056,68.3,100.0,50.0,74.15,1,2025-02-02
U014,U039,42.43,45.0,10.0,36.71,1,2025-03-10
U014,U055,4.7,10.0,100.0,25.35,1,2025-06-08
U014,U054,2.01,30.0,10.0,12.0,0,2025-05-06
U014,U038,5.28,65.0,10.0,24.14,1,2025-04-13
U014,U060,4.33,45.0,10.0,17.67,1,2025-03-13
U014,U053,4.87,30.0,10.0,13.43,0,2025-02-25
U014,U048,29.87,45.0,10.0,30.43,1,2025-06-19
U014,U072,81.05,45.0,100.0,74.03,1,2025-02-25
U014,U050,1.23,45.0,10.0,16.12,0,2025-03-25
U014,U032,19.86,75.0,10.0,34.43,1,2025-03-11
U014,U007,19.18,45.0,10.0,25.09,1,2025-05-02
U014,U065,87.14,30.0,50.0,62.57,1,2025-04-28
U014,U058,1.97,45.0,10.0,16.48,1,2025-02-24
U014,U019,7.18,45.0,100.0,37.09,1,2025-02-27
U014,U029,38.28,45.0,10.0,34.64,1,2025-03-20
U014,U052,52.05,45.0,10.0,41.53,0,2025-06-21
U014,U061,27.0,30.0,100.0,42.5,1,2025-02-19
U014,U051,1.77,55.0,50.0,27.38,1,2025-03-07
U014,U034,2.62,10.0,10.0,6.31,0,2025-06-16
U014,U046,6.99,55.0,10.0,22.0,1,2025-05-24
U014,U016,3.4,55.0,10.0,20.2,0,2025-05-27
U014,U067,4.87,45.0,10.0,17.93,1,2025-03-20
U014,U062,85.75,45.0,10.0,58.37,0,2025-04-26
U014,U071,52.87,55.0,50.0,52.93,1,2025-01-30
U014,U025,2.09,30.0,10.0,12.04,0,2025-03-20
U015,U009,2.69,55.0,10.0,19.85,0,2025-05-09
U015,U067,42.38,55.0,10.0,39.69,0,2025-04-11
U015,U068,6.0,55.0,50.0,29.5,1,2025-03-08
U015,U060,32.99,100.0,100.0,66.5,1,2025-05-20
U015,U048,3.6,55.0,10.0,20.3,0,2025-01-15
U015,U031,2.28,55.0,50.0,27.64,0,2025-07-06
U015,U074,3.77,10.0,10.0,6.88,0,2025-01-21
U015,U032,2.54,55.0,10.0,19.77,0,2025-02-19
U015,U044,2.9,75.0,10.0,25.95,1,2025-05-26
U015,U013,3.75,55.0,10.0,20.37,0,2025-02-20
U015,U061,6.83,45.0,10.0,18.92,1,2025-03-30
U015,U056,2.85,45.0,10.0,16.93,0,2025-04-26
U015,U011,5.13,45.0,10.0,18.06,0,2025-01-17
U015,U063,3.46,55.0,10.0,20.23,0,2025-04-20
U015,U037,8.94,75.0,10.0,28.97,0,2025-01-28
U015,U008,3.62,30.0,50.0,20.81,1,2025-01-25
U015,U073,6.34,75.0,10.0,27.67,0,2025-01-30
U015,U051,53.08,75.0,10.0,51.04,0,2025-03-09
U015,U046,6.31,75.0,50.0,35.66,0,2025-05-20
U015,U055,45.29,30.0,10.0,33.64,0,2025-06-12
U015,U040,6.5,45.0,10.0,18.75,1,2025-01-18
U015,U028,9.15,65.0,50.0,34.07,1,2025-03-10
U015,U065,2.62,10.0,10.0,6.31,0,2025-04-27
U015,U075,2.62,45.0,10.0,16.81,1,2025-05-20
U015,U030,6.48,30.0,50.0,22.24,1,2025-01-30
U015,U053,6.91,45.0,10.0,18.96,1,2025-02-19
U015,U017,3.93,55.0,10.0,20.47,0,2025-02-01
U016,U064,7.64,45.0,50.0,27.32,0,2025-03-13
U016,U005,1.63,45.0,100.0,34.31,0,2025-01-28
U016,U058,7.91,65.0,10.0,25.45,1,2025-03-11
U016,U068,4.24,55.0,10.0,20.62,1,2025-03-14
U016,U030,4.68,30.0,10.0,13.34,1,2025-03-03
U016,U044,2.2,75.0,10.0,25.6,0,2025-02-19
U016,U038,1.63,45.0,10.0,16.32,0,2025-01-11
U016,U072,3.25,55.0,10.0,20.12,1,2025-05-09
U016,U033,4.34,45.0,10.0,17.67,0,2025-07-04
U016,U066,2.2,65.0,50.0,30.6,0,2025-02-28
U016,U050,9.45,55.0,10.0,23.23,1,2025-01-29
U016,U007,1.29,100.0,50.0,40.65,1,2025-05-26
U016,U027,3.2,55.0,10.0,20.1,1,2025-03-15
U016,U010,4.08,55.0,10.0,20.54,1,2025-03-26
U016,U059,52.1,55.0,10.0,44.55,0,2025-04-24
U016,U045,4.23,55.0,10.0,20.62,1,2025-01-30
U016,U075,1.03,45.0,10.0,16.02,0,2025-07-07
U016,U043,0.95,10.0,10.0,5.47,1,2025-01-13
U016,U052,1.19,100.0,100.0,50.6,0,2025-06-20
U016,U020,2.81,45.0,10.0,16.91,1,2025-06-24
U016,U054,8.36,45.0,50.0,27.68,1,2025-03-11
U016,U065,3.58,10.0,10.0,6.79,0,2025-05-13
U016,U051,8.56,75.0,10.0,28.78,1,2025-04-18
U016,U053,90.2,45.0,50.0,68.6,1,2025-04-03
U016,U031,1.89,55.0,10.0,19.45,1,2025-02-24
U016,U067,63.52,55.0,50.0,58.26,1,2025-05-13
U016,U046,0.53,75.0,10.0,24.77,0,2025-07-05
U017,U073,8.3,55.0,10.0,22.65,0,2025-04-03
U017,U025,42.03,55.0,10.0,39.52,0,2025-06-24
U017,U069,8.75,45.0,10.0,19.87,1,2025-03-31
U017,U023,6.03,30.0,50.0,22.02,1,2025-03-15
U017,U006,58.39,75.0,100.0,71.7,1,2025-03-12
U017,U058,35.31,45.0,10.0,33.16,1,2025-06-10
U017,U039,5.58,45.0,10.0,18.29,0,2025-06-04
U017,U044,1.93,55.0,10.0,19.47,1,2025-05-11
U017,U003,4.36,55.0,10.0,20.68,0,2025-06-14
U017,U014,4.03,45.0,50.0,25.52,1,2025-04-23
U017,U010,6.93,45.0,100.0,36.97,1,2025-03-07
U017,U016,60.87,55.0,10.0,48.93,1,2025-06-25
U017,U057,3.64,30.0,50.0,20.82,0,2025-06-23
U017,U036,4.37,10.0,10.0,7.18,1,2025-06-15
U017,U007,1.31,10.0,10.0,5.65,0,2025-06-29
U017,U074,37.37,100.0,10.0,50.68,1,2025-02-27
U017,U035,56.29,10.0,10.0,33.15,1,2025-06-20
U017,U065,4.25,100.0,100.0,52.12,0,2025-03-15
U017,U064,5.11,55.0,10.0,21.06,0,2025-06-16
U017,U070,37.37,55.0,10.0,37.18,1,2025-06-13
U017,U068,3.14,75.0,10.0,26.07,0,2025-03-01
U017,U043,1.17,100.0,100.0,50.58,1,2025-02-08
U017,U015,3.93,55.0,10.0,20.47,1,2025-06-28
U017,U051,5.16,55.0,50.0,29.08,1,2025-01-27
U017,U053,54.58,55.0,10.0,45.79,1,2025-07-03
U017,U032,55.67,45.0,10.0,43.34,0,2025-01-31
U017,U030,4.19,45.0,10.0,17.59,1,2025-05-30
U018,U056,4.29,55.0,10.0,20.64,0,2025-07-07
U018,U024,4.13,30.0,10.0,13.06,1,2025-07-07
U018,U042,70.3,45.0,10.0,50.65,1,2025-04-28
U018,U016,0.9,65.0,10.0,21.95,1,2025-05-05
U018,U051,3.47,65.0,10.0,23.23,0,2025-04-15
U018,U032,0.88,45.0,10.0,15.94,0,2025-03-19
U018,U026,33.69,45.0,10.0,32.35,1,2025-05-03
U018,U002,6.5,55.0,10.0,21.75,0,2025-03-04
U018,U069,38.76,45.0,10.0,34.88,1,2025-06-27
U018,U027,4.4,45.0,50.0,25.7,0,2025-02-25
U018,U064,4.12,55.0,10.0,20.56,0,2025-05-02
U018,U050,1.36,45.0,50.0,24.18,1,2025-03-15
U018,U010,3.36,45.0,10.0,17.18,0,2025-02-15
U018,U031,0.86,45.0,50.0,23.93,0,2025-05-17
U018,U073,2.36,65.0,10.0,22.68,0,2025-04-23
U018,U062,5.42,45.0,50.0,26.21,1,2025-05-17
U018,U006,2.9,45.0,10.0,16.95,1,2025-04-18
U018,U030,3.74,45.0,50.0,25.37,0,2025-07-01
U018,U014,5.22,45.0,10.0,18.11,1,2025-04-21
U018,U009,26.4,45.0,10.0,28.7,1,2025-06-20
U018,U021,4.15,55.0,10.0,20.58,0,2025-03-16
U018,U039,8.68,45.0,50.0,27.84,0,2025-06-17
U018,U044,3.3,65.0,10.0,23.15,0,2025-05-09
U018,U007,69.27,45.0,10.0,50.13,1,2025-03-03
U018,U034,2.7,45.0,10.0,16.85,0,2025-01-22
U018,U049,2.78,45.0,50.0,24.89,0,2025-02-03
U018,U072,5.0,45.0,10.0,18.0,0,2025-02-10
U019,U022,1.91,65.0,10.0,22.46,1,2025-02-01
U019,U037,5.53,55.0,50.0,29.26,0,2025-06-19
U019,U075,5.64,30.0,10.0,13.82,0,2025-02-03
U019,U028,3.83,45.0,10.0,17.41,0,2025-05-29
U019,U038,4.82,100.0,10.0,34.41,1,2025-02-26
U019,U007,62.97,45.0,10.0,46.99,1,2025-02-25
U019,U041,1.51,45.0,10.0,16.25,0,2025-04-24
U019,U040,4.48,30.0,50.0,21.24,1,2025-05-30
U019,U034,3.88,45.0,10.0,17.44,1,2025-03-23
U019,U066,4.21,45.0,10.0,17.6,0,2025-04-19
U019,U036,26.18,45.0,10.0,28.59,1,2025-05-26
U019,U068,6.11,45.0,10.0,18.56,0,2025-02-06
U019,U044,1.55,55.0,10.0,19.28,0,2025-03-04
U019,U016,3.57,55.0,10.0,20.29,1,2025-01-22
U019,U060,27.12,45.0,10.0,29.06,0,2025-02-22
U019,U003,9.85,30.0,10.0,15.93,1,2025-06-23
U019,U047,3.55,30.0,100.0,30.78,1,2025-04-19
U019,U043,2.31,30.0,50.0,20.15,0,2025-04-30
U019,U071,30.59,55.0,50.0,41.79,1,2025-02-02
U019,U061,20.34,55.0,100.0,46.67,1,2025-04-09
U019,U049,2.91,45.0,10.0,16.95,0,2025-01-25
U019,U002,34.66,30.0,50.0,36.33,1,2025-02-05
U019,U009,3.4,45.0,10.0,17.2,0,2025-06-20
U019,U020,4.5,55.0,10.0,20.75,1,2025-06-11
U019,U062,7.44,45.0,10.0,19.22,1,2025-03-07
U019,U001,2.34,45.0,50.0,24.67,0,2025-05-24
U019,U046,27.54,55.0,10.0,32.27,1,2025-03-25
U020,U024,11.2,75.0,10.0,30.1,1,2025-01-15
U020,U003,32.46,45.0,10.0,31.73,1,2025-06-19
U020,U038,93.38,10.0,100.0,69.69,1,2025-01-20
U020,U047,7.52,65.0,10.0,25.26,1,2025-04-18
U020,U074,5.13,45.0,10.0,18.06,0,2025-03-26
U020,U016,2.81,45.0,10.0,16.91,0,2025-03-05
U020,U031,8.03,55.0,50.0,30.51,0,2025-01-13
U020,U012,0.31,65.0,10.0,21.66,0,2025-04-17
U020,U075,10.47,45.0,10.0,20.74,1,2025-06-20
U020,U040,4.43,65.0,10.0,23.71,0,2025-04-15
U020,U022,0.6,45.0,50.0,23.8,0,2025-02-17
U020,U048,2.5,55.0,10.0,19.75,0,2025-04-05
U020,U002,30.45,65.0,10.0,36.72,0,2025-02-14
U020,U034,2.05,55.0,10.0,19.53,0,2025-06-29
U020,U069,14.08,55.0,10.0,25.54,1,2025-03-16
U020,U039,15.82,100.0,50.0,47.91,1,2025-04-20
U020,U035,46.43,30.0,10.0,34.21,1,2025-01-18
U020,U036,2.73,30.0,10.0,12.36,0,2025-05-18
U020,U061,1.12,75.0,10.0,25.06,0,2025-05-06
U020,U028,2.25,30.0,50.0,20.13,0,2025-04-09
U020,U054,2.22,75.0,10.0,25.61,0,2025-04-12
U020,U018,5.59,30.0,100.0,31.8,1,2025-05-03
U020,U014,4.93,30.0,10.0,13.46,0,2025-05-05
U020,U063,5.11,55.0,10.0,21.06,1,2025-04-24
U020,U037,10.39,45.0,10.0,20.7,1,2025-04-17
U020,U044,47.23,45.0,10.0,39.11,1,2025-05-28
U020,U052,50.02,30.0,10.0,36.01,1,2025-05-04
U021,U070,4.78,45.0,10.0,17.89,1,2025-05-30
U021,U044,60.46,45.0,10.0,45.73,0,2025-04-20
U021,U018,4.15,55.0,10.0,20.58,1,2025-05-15
U021,U033,3.27,65.0,10.0,23.14,0,2025-02-17
U021,U023,2.72,10.0,10.0,6.36,0,2025-06-07
U021,U031,59.3,30.0,10.0,40.65,1,2025-02-09
U021,U012,2.68,75.0,10.0,25.84,1,2025-01-18
U021,U050,2.45,30.0,10.0,12.22,1,2025-01-26
U021,U014,4.09,30.0,10.0,13.04,0,2025-05-12
U021,U011,6.36,45.0,50.0,26.68,0,2025-03-01
U021,U034,4.01,55.0,50.0,28.51,1,2025-04-23
U021,U039,8.68,55.0,10.0,22.84,1,2025-01-10
U021,U055,6.45,55.0,10.0,21.72,0,2025-05-15
U021,U071,34.15,45.0,10.0,32.58,1,2025-03-23
U021,U016,4.31,45.0,100.0,35.65,0,2025-01-12
U021,U007,3.31,30.0,50.0,20.65,0,2025-07-03
U021,U058,18.25,55.0,10.0,27.62,1,2025-01-24
U021,U010,59.02,30.0,10.0,40.51,0,2025-06-04
U021,U032,3.21,30.0,10.0,12.6,0,2025-03-28
U021,U006,3.54,55.0,10.0,20.27,1,2025-05-21
U021,U009,57.87,55.0,100.0,65.44,1,2025-06-26
U021,U062,4.75,55.0,10.0,20.87,1,2025-03-30
U021,U069,3.77,30.0,100.0,30.89,0,2025-06-05
U021,U013,2.55,30.0,10.0,12.28,0,2025-04-08
U021,U045,3.23,30.0,10.0,12.62,0,2025-01-11
U021,U064,45.13,75.0,50.0,55.06,0,2025-01-16
U021,U060,87.49,30.0,10.0,54.75,1,2025-01-25
U022,U064,5.73,45.0,10.0,18.36,1,2025-02-17
U022,U046,0.24,45.0,50.0,23.62,1,2025-06-06
U022,U060,11.36,55.0,50.0,32.18,1,2025-03-16
U022,U037,3.34,45.0,10.0,17.17,0,2025-02-05
U022,U050,30.94,65.0,50.0,44.97,1,2025-03-20
U022,U039,1.02,30.0,50.0,19.51,1,2025-01-11
U022,U041,62.55,30.0,100.0,60.27,1,2025-01-19
U022,U043,2.67,45.0,10.0,16.83,0,2025-02-26
U022,U035,12.7,55.0,10.0,24.85,0,2025-04-17
U022,U070,35.51,10.0,100.0,40.75,1,2025-03-18
U022,U003,2.81,10.0,10.0,6.41,0,2025-05-18
U022,U016,7.43,45.0,10.0,19.22,0,2025-04-25
U022,U044,1.72,45.0,10.0,16.36,1,2025-05-03
U022,U069,0.89,65.0,10.0,21.95,0,2025-04-04
U022,U001,2.64,55.0,10.0,19.82,0,2025-03-23
U022,U011,13.44,75.0,10.0,31.22,1,2025-05-10
U022,U036,3.52,55.0,10.0,20.26,0,2025-06-26
U022,U021,4.6,45.0,10.0,17.8,0,2025-07-08
U022,U047,2.64,45.0,10.0,16.82,0,2025-04-29
U022,U072,1.99,65.0,10.0,22.5,0,2025-03-11
U022,U065,3.59,45.0,10.0,17.3,0,2025-03-25
U022,U053,6.34,45.0,10.0,18.67,0,2025-05-27
U022,U067,6.4,65.0,10.0,24.7,0,2025-03-13
U022,U075,2.91,10.0,10.0,6.45,0,2025-04-21
U022,U068,2.79,30.0,50.0,20.39,0,2025-01-17
U022,U033,6.45,45.0,10.0,18.72,1,2025-05-23
U022,U027,5.66,30.0,100.0,31.83,1,2025-02-06
U023,U049,37.36,30.0,10.0,29.68,1,2025-06-08
U023,U070,4.93,45.0,10.0,17.96,0,2025-03-26
U023,U026,1.85,65.0,10.0,22.43,0,2025-05-16
U023,U006,5.86,30.0,50.0,21.93,1,2025-04-06
U023,U017,6.03,30.0,50.0,22.02,1,2025-05-01
U023,U073,42.53,45.0,10.0,36.77,0,2025-04-04
U023,U075,3.46,45.0,10.0,17.23,0,2025-04-13
U023,U008,4.31,30.0,10.0,13.15,1,2025-05-15
U023,U028,37.06,100.0,10.0,50.53,0,2025-05-11
U023,U033,6.8,45.0,50.0,26.9,1,2025-06-20
U023,U032,4.98,55.0,10.0,20.99,1,2025-06-25
U023,U027,2.82,30.0,10.0,12.41,1,2025-05-07
U023,U052,1.13,65.0,10.0,22.07,0,2025-04-26
U023,U016,42.87,45.0,10.0,36.94,1,2025-01-28
U023,U043,3.18,45.0,50.0,25.09,0,2025-06-15
U023,U031,1.87,55.0,10.0,19.44,0,2025-05-18
U023,U034,5.29,30.0,10.0,13.65,0,2025-02-26
U023,U072,0.44,55.0,100.0,36.72,0,2025-02-17
U023,U012,67.36,10.0,50.0,46.68,1,2025-02-27
U023,U024,3.51,45.0,100.0,35.25,0,2025-03-03
U023,U066,5.12,100.0,10.0,34.56,0,2025-02-03
U023,U036,63.44,65.0,10.0,53.22,1,2025-06-18
U023,U048,0.86,55.0,10.0,18.93,0,2025-05-09
U023,U065,1.9,45.0,50.0,24.45,0,2025-06-27
U023,U019,2.93,55.0,100.0,37.97,1,2025-06-15
U023,U020,1.45,45.0,10.0,16.22,0,2025-01-24
U023,U046,2.07,45.0,10.0,16.54,0,2025-03-07
U024,U072,27.02,55.0,100.0,50.01,1,2025-01-17
U024,U065,6.66,45.0,50.0,26.83,1,2025-05-19
U024,U025,39.32,75.0,10.0,44.16,0,2025-03-30
U024,U063,25.27,55.0,100.0,49.14,1,2025-05-04
U024,U034,2.02,55.0,10.0,19.51,0,2025-05-17
U024,U039,4.18,100.0,10.0,34.09,0,2025-03-11
U024,U047,4.29,65.0,100.0,41.65,0,2025-06-07
U024,U073,39.43,45.0,10.0,35.21,0,2025-01-31
U024,U048,5.62,55.0,10.0,21.31,0,2025-05-21
U024,U036,32.09,30.0,10.0,27.04,0,2025-04-20
U024,U070,6.34,45.0,10.0,18.67,1,2025-01-10
U024,U023,3.51,45.0,100.0,35.25,1,2025-06-07
U024,U021,31.36,65.0,10.0,37.18,1,2025-02-24
U024,U001,2.08,30.0,50.0,20.04,1,2025-04-29
U024,U010,1.06,55.0,50.0,27.03,0,2025-03-27
U024,U059,33.48,55.0,10.0,35.24,0,2025-05-14
U024,U069,3.62,55.0,10.0,20.31,0,2025-02-21
U024,U045,4.12,55.0,50.0,28.56,0,2025-04-14
U024,U042,32.43,55.0,50.0,42.71,1,2025-02-13
U024,U012,1.15,65.0,50.0,30.07,0,2025-06-16
U024,U074,6.34,45.0,10.0,18.67,1,2025-06-17
U024,U054,4.27,75.0,10.0,26.64,0,2025-04-19
U024,U051,31.41,45.0,50.0,39.21,1,2025-04-18
U024,U017,2.76,55.0,50.0,27.88,0,2025-05-27
U024,U057,4.13,10.0,100.0,25.06,0,2025-05-16
U024,U007,4.33,30.0,10.0,13.16,0,2025-06-29
U024,U061,22.49,75.0,100.0,53.74,0,2025-05-28
U025,U038,10.09,10.0,10.0,10.04,1,2025-02-21
U025,U046,1.18,45.0,10.0,16.09,1,2025-06-16
U025,U024,39.32,75.0,10.0,44.16,0,2025-06-02
U025,U040,2.42,65.0,10.0,22.71,1,2025-02-23
U025,U009,3.84,55.0,50.0,28.42,1,2025-04-07
U025,U013,37.09,55.0,10.0,37.04,1,2025-05-08
U025,U049,4.84,55.0,10.0,20.92,0,2025-04-29
U025,U047,2.51,65.0,10.0,22.75,0,2025-01-21
U025,U002,10.67,65.0,10.0,26.84,0,2025-06-15
U025,U062,4.49,55.0,10.0,20.74,0,2025-03-21
U025,U074,41.57,45.0,50.0,44.28,1,2025-02-28
U025,U003,9.73,45.0,50.0,28.36,1,2025-01-24
U025,U032,4.22,30.0,10.0,13.11,0,2025-02-18
U025,U027,3.11,55.0,10.0,20.06,1,2025-04-23
U025,U037,6.53,45.0,10.0,18.77,1,2025-04-13
U025,U006,4.81,55.0,10.0,20.9,1,2025-05-14
U025,U008,38.98,100.0,10.0,51.49,1,2025-04-05
U025,U034,2.12,55.0,100.0,37.56,1,2025-05-16
U025,U030,2.48,100.0,10.0,33.24,0,2025-01-20
U025,U063,4.0,55.0,10.0,20.5,1,2025-01-19
U025,U036,3.56,30.0,100.0,30.78,1,2025-06-30
U025,U016,8.32,45.0,50.0,27.66,0,2025-03-15
U025,U044,2.19,45.0,10.0,16.6,1,2025-04-25
U025,U061,1.57,75.0,10.0,25.29,0,2025-05-30
U025,U031,2.13,55.0,10.0,19.57,0,2025-06-03
U025,U053,7.08,75.0,50.0,36.04,1,2025-06-25
U025,U058,38.98,30.0,10.0,30.49,0,2025-06-06
U026,U011,60.07,55.0,50.0,56.53,1,2025-06-01
U026,U021,5.63,30.0,100.0,31.82,1,2025-04-28
U026,U054,2.06,30.0,50.0,20.03,1,2025-04-30
U026,U001,3.86,75.0,10.0,26.43,1,2025-01-25
U026,U073,1.16,100.0,50.0,40.58,1,2025-06-03
U026,U002,8.15,30.0,10.0,15.07,1,2025-04-13
U026,U028,3.01,45.0,10.0,17.01,1,2025-06-07
U026,U036,1.64,75.0,50.0,33.32,0,2025-05-05
U026,U020,8.68,30.0,10.0,15.34,1,2025-03-03
U026,U052,62.96,75.0,100.0,73.98,1,2025-03-07
U026,U007,4.71,75.0,50.0,34.86,0,2025-02-22
U026,U070,60.65,30.0,10.0,41.32,1,2025-02-10
U026,U034,2.69,45.0,50.0,24.85,0,2025-05-25
U026,U069,41.22,45.0,100.0,54.11,1,2025-04-26
U026,U024,4.73,30.0,10.0,13.36,1,2025-04-22
U026,U015,3.13,100.0,10.0,33.56,1,2025-04-04
U026,U009,29.95,10.0,100.0,37.98,1,2025-07-06
U026,U005,5.03,55.0,100.0,39.02,0,2025-03-04
U026,U058,3.6,45.0,10.0,17.3,1,2025-05-28
U026,U012,2.27,30.0,10.0,12.13,0,2025-04-23
U026,U067,1.75,45.0,50.0,24.38,0,2025-01-15
U026,U010,2.97,45.0,10.0,16.99,1,2025-02-16
U026,U037,2.95,100.0,10.0,33.47,1,2025-07-05
U026,U051,2.3,100.0,10.0,33.15,0,2025-03-08
U026,U048,5.21,45.0,10.0,18.11,0,2025-04-02
U026,U059,5.01,45.0,10.0,18.01,1,2025-02-06
U026,U057,4.91,55.0,10.0,20.96,0,2025-04-16
U027,U007,3.98,10.0,10.0,6.99,1,2025-04-23
U027,U062,57.35,75.0,50.0,61.17,1,2025-05-27
U027,U054,4.05,55.0,10.0,20.53,0,2025-03-11
U027,U011,2.0,30.0,10.0,12.0,1,2025-02-15
U027,U031,12.53,45.0,50.0,29.77,1,2025-03-09
U027,U048,4.42,45.0,10.0,17.71,0,2025-03-01
U027,U051,2.62,55.0,10.0,19.81,1,2025-04-09
U027,U053,4.14,55.0,10.0,20.57,1,2025-05-14
U027,U037,15.74,55.0,10.0,26.37,0,2025-04-22
U027,U013,44.91,45.0,10.0,37.95,1,2025-02-09
U027,U008,6.98,45.0,50.0,26.99,0,2025-01-31
U027,U050,3.91,45.0,50.0,25.46,1,2025-06-28
U027,U058,6.98,45.0,10.0,18.99,1,2025-04-18
U027,U029,6.91,45.0,10.0,18.95,1,2025-01-26
U027,U018,4.4,45.0,50.0,25.7,1,2025-06-24
U027,U060,3.31,10.0,50.0,14.66,0,2025-06-21
U027,U067,2.58,45.0,10.0,16.79,1,2025-06-01
U027,U046,6.63,55.0,50.0,29.82,0,2025-06-17
U027,U006,41.34,75.0,10.0,45.17,1,2025-03-08
U027,U030,3.54,45.0,50.0,25.27,0,2025-02-25
U027,U075,54.23,55.0,10.0,45.61,1,2025-03-09
U027,U017,12.12,75.0,10.0,30.56,1,2025-01-23
U027,U038,6.08,30.0,50.0,22.04,1,2025-05-08
U027,U021,4.83,55.0,10.0,20.91,0,2025-06-21
U027,U049,4.84,65.0,50.0,31.92,1,2025-06-21
U027,U002,7.05,55.0,10.0,22.03,1,2025-05-14
U027,U066,3.42,45.0,10.0,17.21,0,2025-04-18
U028,U047,2.62,55.0,10.0,19.81,0,2025-02-13
U028,U027,2.34,45.0,100.0,34.67,0,2025-01-20
U028,U062,0.83,45.0,50.0,23.91,1,2025-03-10
U028,U017,6.69,45.0,10.0,18.84,0,2025-05-02
U028,U021,6.53,55.0,10.0,21.77,1,2025-05-14
U028,U045,2.48,45.0,10.0,16.74,0,2025-02-08
U028,U020,2.25,30.0,50.0,20.13,0,2025-02-03
U028,U075,1.66,30.0,10.0,11.83,1,2025-03-08
U028,U001,62.68,45.0,10.0,46.84,1,2025-04-18
U028,U042,4.58,45.0,10.0,17.79,1,2025-01-20
U028,U057,0.78,55.0,10.0,18.89,0,2025-05-15
U028,U011,9.03,55.0,10.0,23.01,1,2025-03-04
U028,U019,3.83,45.0,10.0,17.41,1,2025-04-09
U028,U070,4.42,30.0,100.0,31.21,0,2025-07-03
U028,U025,5.28,30.0,10.0,13.64,0,2025-03-27
U028,U022,6.72,55.0,100.0,39.86,1,2025-03-09
U028,U061,63.56,30.0,10.0,42.78,0,2025-04-30
U028,U050,4.88,45.0,50.0,25.94,1,2025-01-21
U028,U048,0.83,45.0,10.0,15.91,0,2025-05-09
U028,U053,37.29,30.0,10.0,29.65,0,2025-02-14
U028,U074,4.42,30.0,10.0,13.21,0,2025-06-16
U028,U039,5.2,45.0,50.0,26.1,0,2025-07-08
U028,U051,5.85,65.0,10.0,24.42,1,2025-07-03
U028,U034,65.66,45.0,10.0,48.33,1,2025-01-30
U028,U065,0.84,30.0,10.0,11.42,1,2025-06-06
U028,U012,2.94,55.0,10.0,19.97,0,2025-01-25
U028,U072,0.76,45.0,10.0,15.88,1,2025-02-23
U029,U065,40.32,30.0,10.0,31.16,1,2025-01-13
U029,U068,6.2,45.0,10.0,18.6,1,2025-02-28
U029,U028,4.69,45.0,10.0,17.85,1,2025-02-05
U029,U012,35.13,30.0,10.0,28.57,0,2025-05-19
U029,U008,3.57,10.0,10.0,6.79,1,2025-02-03
U029,U073,21.41,55.0,50.0,37.21,1,2025-03-27
U029,U003,56.78,30.0,50.0,47.39,1,2025-01-31
U029,U042,7.36,45.0,10.0,19.18,1,2025-03-30
U029,U052,7.44,45.0,100.0,37.22,0,2025-01-21
U029,U024,3.78,55.0,10.0,20.39,1,2025-01-19
U029,U026,9.27,45.0,100.0,38.13,1,2025-03-16
U029,U062,43.86,45.0,10.0,37.43,0,2025-06-13
U029,U066,4.19,45.0,50.0,25.6,0,2025-02-07
U029,U054,4.12,55.0,50.0,28.56,1,2025-05-14
U029,U061,33.28,55.0,10.0,35.14,1,2025-03-28
U029,U055,2.84,45.0,10.0,16.92,1,2025-05-17
U029,U001,6.84,45.0,10.0,18.92,0,2025-07-01
U029,U056,4.76,65.0,10.0,23.88,0,2025-04-19
U029,U040,8.51,30.0,10.0,15.25,0,2025-02-16
U029,U014,38.28,45.0,10.0,34.64,0,2025-06-02
U029,U049,6.34,45.0,10.0,18.67,0,2025-05-29
U029,U016,5.34,55.0,100.0,39.17,0,2025-03-11
U029,U017,8.14,45.0,10.0,19.57,0,2025-06-03
U029,U025,3.0,55.0,50.0,28.0,0,2025-01-14
U029,U047,4.39,30.0,10.0,13.19,0,2025-05-12
U029,U010,56.24,75.0,10.0,52.62,1,2025-02-09
U029,U064,5.65,30.0,50.0,21.82,1,2025-02-10
U030,U053,3.86,100.0,10.0,33.93,0,2025-07-07
U030,U018,3.74,45.0,50.0,25.37,1,2025-01-20
U030,U050,1.72,10.0,100.0,23.86,1,2025-06-29
U030,U039,7.51,75.0,100.0,46.25,1,2025-05-02
U030,U037,7.12,30.0,10.0,14.56,0,2025-03-22
U030,U060,3.89,45.0,50.0,25.45,1,2025-01-20
U030,U028,62.86,45.0,50.0,54.93,1,2025-06-12
U030,U064,16.49,55.0,10.0,26.75,1,2025-05-06
U030,U014,1.29,45.0,10.0,16.14,0,2025-05-10
U030,U010,1.6,10.0,10.0,5.8,0,2025-05-05
U030,U068,2.58,45.0,100.0,34.79,0,2025-01-16
U030,U035,35.07,45.0,10.0,33.03,1,2025-07-01
U030,U041,5.67,45.0,50.0,26.33,0,2025-03-07
U030,U038,44.08,55.0,50.0,48.54,1,2025-01-23
U030,U021,17.56,55.0,10.0,27.28,0,2025-06-16
U030,U063,4.59,10.0,10.0,7.3,1,2025-07-07
U030,U057,0.73,55.0,10.0,18.87,0,2025-03-14
U030,U015,6.48,30.0,50.0,22.24,1,2025-04-06
U030,U031,4.56,10.0,100.0,25.28,1,2025-06-27
U030,U070,2.63,55.0,50.0,27.82,0,2025-05-14
U030,U056,3.02,30.0,10.0,12.51,0,2025-01-10
U030,U032,5.77,45.0,10.0,18.39,1,2025-06-03
U030,U042,3.25,45.0,10.0,17.13,1,2025-01-10
U030,U054,5.53,100.0,10.0,34.76,0,2025-02-13
U030,U069,8.85,10.0,10.0,9.42,0,2025-07-06
U030,U019,2.32,10.0,10.0,6.16,0,2025-03-28
U030,U004,6.05,55.0,10.0,21.52,0,2025-04-18
U031,U035,2.63,45.0,10.0,16.81,0,2025-05-02
U031,U013,0.74,75.0,10.0,24.87,0,2025-06-30
U031,U044,64.28,55.0,10.0,50.64,1,2025-04-04
U031,U028,2.18,45.0,50.0,24.59,0,2025-06-25
U031,U014,3.25,45.0,10.0,17.12,0,2025-07-01
U031,U064,3.25,30.0,10.0,12.63,0,2025-02-20
U031,U043,91.24,30.0,10.0,56.62,1,2025-02-17
U031,U071,6.09,55.0,10.0,21.55,1,2025-05-20
U031,U005,2.67,100.0,10.0,33.33,1,2025-02-13
U031,U016,1.89,55.0,10.0,19.45,0,2025-04-12
U031,U020,8.03,55.0,50.0,30.51,1,2025-05-11
U031,U066,3.29,45.0,10.0,17.15,1,2025-02-23
U031,U039,9.58,10.0,100.0,27.79,1,2025-01-18
U031,U003,5.09,30.0,10.0,13.54,1,2025-01-24
U031,U041,29.36,45.0,50.0,38.18,1,2025-06-10
U031,U058,3.14,45.0,10.0,17.07,1,2025-04-29
U031,U025,2.13,55.0,10.0,19.57,1,2025-01-21
U031,U029,9.12,75.0,10.0,29.06,0,2025-03-28
U031,U059,2.38,75.0,100.0,43.69,1,2025-05-23
U031,U015,2.28,55.0,50.0,27.64,1,2025-05-30
U031,U048,1.36,75.0,10.0,25.18,1,2025-03-13
U031,U075,35.43,30.0,10.0,28.72,0,2025-05-26
U031,U051,2.27,55.0,10.0,19.63,0,2025-03-18
U031,U067,1.91,75.0,10.0,25.45,1,2025-06-12
U031,U036,1.86,45.0,10.0,16.43,0,2025-04-13
U031,U021,59.3,30.0,10.0,40.65,1,2025-05-07
U031,U033,2.97,55.0,10.0,19.99,0,2025-02-23
U032,U068,3.64,45.0,10.0,17.32,1,2025-05-26
U032,U004,57.22,65.0,10.0,50.11,0,2025-04-09
U032,U070,3.75,55.0,10.0,20.38,0,2025-04-06
U032,U029,6.75,45.0,10.0,18.88,1,2025-06-03
U032,U033,1.45,30.0,10.0,11.73,0,2025-02-19
U032,U010,3.88,45.0,10.0,17.44,1,2025-05-23
U032,U003,7.29,55.0,10.0,22.15,1,2025-01-12
U032,U027,1.31,45.0,10.0,16.15,1,2025-01-28
U032,U043,31.31,30.0,10.0,26.66,1,2025-04-07
U032,U017,55.67,45.0,10.0,43.34,0,2025-06-11
U032,U015,2.54,55.0,10.0,19.77,1,2025-04-08
U032,U065,3.92,30.0,10.0,12.96,0,2025-02-03
U032,U005,19.73,65.0,10.0,31.37,1,2025-02-20
U032,U030,5.77,45.0,10.0,18.39,1,2025-04-23
U032,U007,41.66,45.0,10.0,36.33,1,2025-02-23
U032,U002,5.94,30.0,10.0,13.97,1,2025-04-24
U032,U025,4.22,30.0,10.0,13.11,0,2025-01-19
U032,U040,5.13,30.0,10.0,13.57,1,2025-05-14
U032,U020,5.96,30.0,10.0,13.98,1,2025-06-26
U032,U011,3.77,100.0,10.0,33.89,1,2025-01-25
U032,U049,2.35,10.0,10.0,6.18,0,2025-01-14
U032,U006,55.05,45.0,10.0,43.03,0,2025-04-12
U032,U063,29.85,45.0,10.0,30.43,0,2025-04-14
U032,U009,1.25,45.0,10.0,16.12,1,2025-04-29
U032,U061,5.36,30.0,10.0,13.68,1,2025-02-20
U032,U050,6.28,45.0,10.0,18.64,1,2025-02-15
U032,U067,57.21,45.0,10.0,44.11,1,2025-05-19
U033,U037,6.55,45.0,100.0,36.78,0,2025-02-04
U033,U053,4.67,75.0,10.0,26.84,1,2025-03-25
U033,U001,4.19,30.0,50.0,21.09,0,2025-07-04
U033,U063,6.49,55.0,50.0,29.74,1,2025-03-09
U033,U048,3.29,55.0,10.0,20.14,1,2025-03-09
U033,U027,47.2,55.0,10.0,42.1,0,2025-03-06
U033,U012,4.63,65.0,100.0,41.82,0,2025-04-23
U033,U055,46.81,55.0,50.0,49.9,1,2025-06-30
U033,U054,48.24,75.0,10.0,48.62,0,2025-05-06
U033,U009,2.58,55.0,10.0,19.79,0,2025-05-16
U033,U072,4.39,55.0,50.0,28.69,0,2025-01-12
U033,U060,1.46,30.0,10.0,11.73,0,2025-01-23
U033,U021,3.27,65.0,10.0,23.14,1,2025-01-26
U033,U050,13.72,55.0,10.0,25.36,1,2025-03-29
U033,U035,1.69,30.0,10.0,11.85,0,2025-02-14
U033,U070,4.79,45.0,10.0,17.9,1,2025-02-25
U033,U058,7.9,30.0,10.0,14.95,0,2025-04-15
U033,U067,2.23,55.0,10.0,19.62,0,2025-03-29
U033,U010,2.6,55.0,50.0,27.8,1,2025-04-01
U033,U034,42.77,55.0,10.0,39.88,1,2025-06-11
U033,U049,3.41,55.0,10.0,20.2,0,2025-05-19
U033,U069,3.55,55.0,10.0,20.28,0,2025-04-13
U033,U066,48.06,30.0,10.0,35.03,0,2025-02-13
U033,U026,3.25,30.0,10.0,12.63,0,2025-05-02
U033,U032,1.45,30.0,10.0,11.73,1,2025-05-19
U033,U008,7.9,100.0,10.0,35.95,1,2025-05-23
U033,U074,4.79,45.0,10.0,17.9,1,2025-06-06
U034,U048,2.72,45.0,10.0,16.86,0,2025-06-24
U034,U021,4.01,55.0,50.0,28.51,1,2025-02-02
U034,U064,5.68,55.0,50.0,29.34,1,2025-03-10
U034,U046,4.32,30.0,10.0,13.16,0,2025-05-15
U034,U012,3.47,55.0,10.0,20.24,1,2025-02-09
U034,U040,71.88,55.0,10.0,54.44,0,2025-02-16
U034,U020,2.05,55.0,10.0,19.53,0,2025-01-31
U034,U074,4.61,55.0,50.0,28.8,1,2025-06-30
U034,U069,1.85,45.0,50.0,24.42,1,2025-03-02
U034,U005,0.8,30.0,50.0,19.4,1,2025-07-07
U034,U011,2.01,55.0,100.0,37.51,0,2025-05-12
U034,U050,4.76,45.0,10.0,17.88,0,2025-03-15
U034,U041,5.95,65.0,10.0,24.48,0,2025-05-10
U034,U061,63.13,55.0,10.0,50.06,1,2025-04-27
U034,U014,2.62,10.0,10.0,6.31,0,2025-03-28
U034,U025,2.12,55.0,100.0,37.56,0,2025-01-19
U034,U055,8.77,75.0,10.0,28.89,1,2025-03-20
U034,U049,5.11,75.0,10.0,27.06,0,2025-03-08
U034,U008,7.09,45.0,10.0,19.05,1,2025-04-16
U034,U030,62.58,45.0,10.0,46.79,1,2025-03-29
U034,U010,1.42,45.0,10.0,16.21,0,2025-02-14
U034,U031,2.81,45.0,10.0,16.9,1,2025-03-19
U034,U071,4.11,30.0,10.0,13.06,1,2025-04-06
U034,U003,1.55,100.0,50.0,40.77,0,2025-06-12
U034,U075,4.21,100.0,10.0,34.11,1,2025-02-12
U034,U002,4.62,55.0,10.0,20.81,0,2025-01-12
U034,U026,2.69,45.0,50.0,24.85,0,2025-03-11
U035,U050,5.13,45.0,10.0,18.06,0,2025-04-27
U035,U029,7.27,45.0,50.0,27.14,1,2025-01-28
U035,U003,6.15,30.0,50.0,22.08,0,2025-07-02
U035,U020,46.43,30.0,10.0,34.21,1,2025-02-20
U035,U031,2.63,45.0,10.0,16.81,0,2025-07-05
U035,U068,5.03,10.0,10.0,7.51,0,2025-04-18
U035,U014,3.98,45.0,10.0,17.49,0,2025-01-16
U035,U074,5.5,55.0,50.0,29.25,0,2025-03-04
U035,U071,2.95,100.0,10.0,33.47,0,2025-06-02
U035,U045,4.47,45.0,10.0,17.73,1,2025-06-02
U035,U048,3.47,45.0,10.0,17.23,0,2025-02-21
U035,U005,39.59,55.0,50.0,46.29,0,2025-02-23
U035,U058,5.73,45.0,10.0,18.36,0,2025-06-12
U035,U019,2.03,45.0,10.0,16.52,0,2025-02-27
U035,U066,41.61,45.0,50.0,44.3,1,2025-03-28
U035,U001,34.08,75.0,10.0,41.54,1,2025-02-26
U035,U049,3.2,45.0,10.0,17.1,1,2025-04-06
U035,U041,5.05,10.0,10.0,7.53,0,2025-02-26
U035,U046,5.93,100.0,10.0,34.97,0,2025-05-20
U035,U069,10.41,45.0,50.0,28.7,0,2025-04-19
U035,U008,5.73,45.0,10.0,18.36,1,2025-05-23
U035,U062,4.68,10.0,10.0,7.34,1,2025-01-21
U035,U018,4.24,45.0,10.0,17.62,0,2025-03-01
U035,U070,5.5,30.0,10.0,13.75,0,2025-01-15
U035,U044,36.3,100.0,10.0,50.15,1,2025-02-26
U035,U036,3.51,75.0,100.0,44.26,1,2025-05-20
U035,U004,64.07,55.0,10.0,50.53,1,2025-01-24
U036,U024,32.09,30.0,10.0,27.04,0,2025-02-16
U036,U051,85.17,100.0,10.0,74.58,1,2025-03-24
U036,U054,5.58,30.0,50.0,21.79,1,2025-03-01
U036,U062,1.87,10.0,10.0,5.94,0,2025-05-09
U036,U007,15.94,75.0,50.0,40.47,1,2025-03-07
U036,U044,1.05,100.0,10.0,32.53,0,2025-03-07
U036,U049,4.19,45.0,10.0,17.6,1,2025-02-05
U036,U066,4.24,45.0,50.0,25.62,0,2025-02-10
U036,U015,35.23,100.0,10.0,49.61,1,2025-03-07
U036,U063,3.2,45.0,10.0,17.1,0,2025-02-09
U036,U023,63.44,65.0,10.0,53.22,0,2025-01-27
U036,U053,6.31,30.0,50.0,22.16,1,2025-02-13
U036,U073,5.01,100.0,100.0,52.51,1,2025-04-29
U036,U028,5.18,45.0,10.0,18.09,1,2025-05-27
U036,U046,4.56,100.0,10.0,34.28,0,2025-06-22
U036,U020,2.73,30.0,10.0,12.36,0,2025-03-18
U036,U058,3.32,45.0,10.0,17.16,0,2025-01-28
U036,U016,6.93,100.0,50.0,43.46,1,2025-05-29
U036,U033,4.74,30.0,10.0,13.37,0,2025-03-07
U036,U041,4.06,10.0,10.0,7.03,0,2025-01-22
U036,U027,2.2,10.0,10.0,6.1,0,2025-05-12
U036,U030,1.97,45.0,10.0,16.49,0,2025-04-01
U036,U032,18.77,45.0,10.0,24.88,0,2025-05-16
U036,U009,0.93,10.0,50.0,13.46,0,2025-01-25
U036,U068,64.8,10.0,10.0,37.4,0,2025-02-10
U036,U025,3.56,30.0,100.0,30.78,0,2025-03-24
U036,U070,2.9,30.0,10.0,12.45,1,2025-07-06
U037,U022,3.34,45.0,10.0,17.17,0,2025-04-17
U037,U057,1.57,45.0,50.0,24.29,0,2025-03-03
U037,U020,10.39,45.0,10.0,20.7,1,2025-05-10
U037,U018,3.26,65.0,10.0,23.13,0,2025-04-12
U037,U053,51.36,45.0,10.0,41.18,1,2025-02-06
U037,U002,7.84,45.0,50.0,27.42,1,2025-04-17
U037,U042,7.06,55.0,100.0,40.03,0,2025-01-26
U037,U051,8.24,75.0,100.0,46.62,0,2025-07-02
U037,U071,9.54,75.0,50.0,37.27,1,2025-02-16
U037,U017,20.6,55.0,50.0,36.8,0,2025-03-18
U037,U024,6.75,45.0,50.0,26.88,0,2025-05-15
U037,U019,5.53,55.0,50.0,29.26,0,2025-03-01
U037,U035,9.03,100.0,10.0,36.52,0,2025-05-13
U037,U045,15.8,55.0,100.0,44.4,0,2025-02-05
U037,U003,2.04,45.0,10.0,16.52,1,2025-06-16
U037,U063,2.27,55.0,50.0,27.63,0,2025-05-03
U037,U034,4.42,30.0,10.0,13.21,1,2025-03-05
U037,U008,3.7,30.0,10.0,12.85,0,2025-06-17
U037,U039,1.4,30.0,10.0,11.7,1,2025-06-09
U037,U072,1.01,55.0,50.0,27.0,1,2025-02-15
U037,U001,6.65,100.0,50.0,43.32,1,2025-03-12
U037,U070,4.06,45.0,10.0,17.53,0,2025-04-28
U037,U058,3.7,65.0,10.0,23.35,1,2025-03-18
U037,U006,8.22,55.0,50.0,30.61,1,2025-02-20
U037,U047,4.05,45.0,50.0,25.53,0,2025-05-27
U037,U068,4.35,55.0,10.0,20.68,0,2025-07-07
U037,U014,1.05,55.0,50.0,27.03,0,2025-03-28
U038,U011,13.27,45.0,10.0,22.13,1,2025-03-16
U038,U065,5.56,45.0,10.0,18.28,1,2025-02-20
U038,U012,0.33,45.0,10.0,15.67,0,2025-02-05
U038,U026,9.29,55.0,10.0,23.15,0,2025-01-28
U038,U056,5.93,45.0,10.0,18.47,0,2025-03-31
U038,U042,5.68,30.0,10.0,13.84,1,2025-06-11
U038,U040,4.74,45.0,10.0,17.87,0,2025-02-07
U038,U057,2.52,75.0,10.0,25.76,1,2025-03-19
U038,U052,53.56,55.0,10.0,45.28,0,2025-01-26
U038,U035,49.03,55.0,10.0,43.01,1,2025-03-29
U038,U002,31.8,45.0,10.0,31.4,1,2025-06-21
U038,U032,5.7,65.0,10.0,24.35,1,2025-06-06
U038,U004,3.96,75.0,10.0,26.48,0,2025-01-19
U038,U046,18.17,45.0,50.0,32.59,1,2025-04-22
U038,U072,5.05,100.0,10.0,34.52,0,2025-02-05
U038,U049,2.47,30.0,50.0,20.24,0,2025-04-01
U038,U075,11.21,45.0,10.0,21.11,0,2025-06-20
U038,U022,0.0,45.0,50.0,23.5,1,2025-05-26
U038,U008,0.0,55.0,50.0,26.5,0,2025-02-13
U038,U073,10.1,45.0,10.0,20.55,1,2025-01-13
U038,U024,11.99,10.0,10.0,11.0,1,2025-06-08
U038,U034,2.2,30.0,10.0,12.1,0,2025-03-05
U038,U067,3.13,100.0,10.0,33.56,1,2025-05-24
U038,U003,34.76,45.0,10.0,32.88,1,2025-02-20
U038,U069,12.2,100.0,10.0,38.1,1,2025-03-24
U038,U060,4.0,55.0,100.0,38.5,0,2025-03-21
U038,U047,5.6,45.0,10.0,18.3,0,2025-05-08
U039,U018,8.68,45.0,50.0,27.84,1,2025-03-17
U039,U070,5.94,55.0,50.0,29.47,0,2025-03-19
U039,U068,10.28,45.0,100.0,38.64,1,2025-03-07
U039,U069,6.89,10.0,10.0,8.45,0,2025-04-16
U039,U056,5.28,30.0,10.0,13.64,0,2025-02-13
U039,U044,8.75,30.0,10.0,15.37,0,2025-05-15
U039,U073,0.33,30.0,10.0,11.17,0,2025-05-05
U039,U031,9.58,10.0,100.0,27.79,1,2025-03-21
U039,U011,7.5,30.0,10.0,14.75,1,2025-06-18
U039,U054,1.36,100.0,10.0,32.68,1,2025-06-11
U039,U043,9.83,55.0,10.0,23.41,0,2025-05-28
U039,U020,15.82,100.0,50.0,47.91,1,2025-03-20
U039,U042,7.55,45.0,10.0,19.28,0,2025-04-08
U039,U001,7.59,45.0,10.0,19.29,0,2025-06-23
U039,U026,10.27,45.0,10.0,20.64,1,2025-05-22
U039,U028,5.2,45.0,50.0,26.1,1,2025-02-15
U039,U058,0.96,45.0,10.0,15.98,0,2025-06-28
U039,U048,37.6,10.0,10.0,23.8,1,2025-01-25
U039,U023,5.67,30.0,10.0,13.83,1,2025-01-11
U039,U038,16.94,55.0,50.0,34.97,1,2025-05-08
U039,U014,42.43,45.0,10.0,36.71,0,2025-04-10
U039,U033,1.28,100.0,10.0,32.64,1,2025-06-28
U039,U041,4.71,45.0,50.0,25.85,1,2025-03-03
U039,U030,7.51,75.0,100.0,46.25,1,2025-06-05
U039,U060,9.2,45.0,50.0,28.1,0,2025-07-07
U039,U035,8.7,45.0,10.0,19.85,1,2025-03-14
U039,U075,10.17,55.0,10.0,23.58,0,2025-06-13
U040,U004,30.58,45.0,100.0,48.79,1,2025-03-08
U040,U037,4.29,45.0,50.0,25.64,1,2025-01-18
U040,U023,3.26,10.0,50.0,14.63,0,2025-03-30
U040,U019,4.48,30.0,50.0,21.24,1,2025-04-05
U040,U063,3.13,30.0,50.0,20.56,0,2025-03-30
U040,U041,3.82,55.0,10.0,20.41,0,2025-01-23
U040,U017,4.76,55.0,100.0,38.88,1,2025-04-10
U040,U046,37.06,45.0,10.0,34.03,0,2025-06-29
U040,U007,4.39,30.0,10.0,13.2,0,2025-05-24
U040,U068,28.65,55.0,10.0,32.83,1,2025-02-24
U040,U070,2.9,45.0,10.0,16.95,0,2025-05-18
U040,U022,3.07,45.0,10.0,17.04,1,2025-05-14
U040,U050,3.81,30.0,10.0,12.91,1,2025-03-03
U040,U024,2.17,65.0,50.0,30.59,0,2025-01-11
U040,U058,2.9,55.0,10.0,19.95,0,2025-02-02
U040,U014,1.42,30.0,50.0,19.71,1,2025-05-18
U040,U056,1.32,45.0,100.0,34.16,0,2025-01-12
U040,U043,3.02,45.0,100.0,35.01,1,2025-02-23
U040,U051,4.8,45.0,50.0,25.9,1,2025-02-13
U040,U011,40.29,45.0,10.0,35.64,1,2025-06-02
U040,U032,5.13,30.0,10.0,13.57,0,2025-03-29
U040,U013,0.23,30.0,10.0,11.12,0,2025-05-30
U040,U048,3.25,30.0,10.0,12.63,0,2025-02-19
U040,U060,3.25,30.0,10.0,12.62,0,2025-02-17
U040,U042,5.1,55.0,50.0,29.05,0,2025-06-19
U040,U033,3.95,65.0,50.0,31.48,1,2025-05-16
U040,U029,8.51,30.0,10.0,15.25,0,2025-05-06
U041,U038,5.85,30.0,50.0,21.92,0,2025-05-26
U041,U010,2.37,45.0,10.0,16.69,1,2025-01-18
U041,U008,60.79,45.0,50.0,53.9,1,2025-05-09
U041,U012,4.53,55.0,10.0,20.76,0,2025-04-01
U041,U006,6.8,75.0,10.0,27.9,0,2025-03-25
U041,U013,6.85,45.0,10.0,18.92,0,2025-04-25
U041,U066,4.06,45.0,10.0,17.53,0,2025-01-29
U041,U023,4.89,30.0,10.0,13.44,1,2025-05-08
U041,U065,1.71,100.0,10.0,32.86,1,2025-01-17
U041,U075,31.81,55.0,10.0,34.41,1,2025-03-19
U041,U054,2.57,55.0,10.0,19.78,1,2025-05-15
U041,U050,4.49,45.0,50.0,25.75,1,2025-05-20
U041,U045,89.03,45.0,10.0,60.02,0,2025-07-02
U041,U074,1.14,100.0,10.0,32.57,1,2025-02-22
U041,U011,2.34,30.0,10.0,12.17,1,2025-02-19
U041,U040,3.82,55.0,10.0,20.41,0,2025-05-19
U041,U033,5.93,55.0,10.0,21.46,1,2025-04-25
U041,U027,5.12,75.0,100.0,45.06,0,2025-05-16
U041,U015,17.28,55.0,50.0,35.14,1,2025-05-07
U041,U007,26.4,10.0,10.0,18.2,1,2025-03-07
U041,U003,3.59,55.0,10.0,20.29,1,2025-02-27
U041,U072,1.56,45.0,10.0,16.28,0,2025-01-20
U041,U071,2.41,55.0,10.0,19.7,1,2025-04-19
U041,U069,3.36,45.0,10.0,17.18,0,2025-05-03
U041,U034,5.95,65.0,10.0,24.48,1,2025-01-17
U041,U020,6.63,55.0,50.0,29.82,0,2025-01-29
U041,U043,29.21,100.0,10.0,46.6,1,2025-05-17
U042,U038,5.68,30.0,10.0,13.84,1,2025-04-23
U042,U046,6.57,55.0,10.0,21.79,1,2025-05-27
U042,U044,2.6,55.0,10.0,19.8,1,2025-03-02
U042,U003,8.36,55.0,10.0,22.68,0,2025-02-12
U042,U004,5.18,30.0,50.0,21.59,1,2025-05-09
U042,U025,19.43,55.0,10.0,28.21,0,2025-06-05
U042,U068,5.09,75.0,10.0,27.05,1,2025-05-22
U042,U024,32.43,55.0,50.0,42.71,0,2025-05-18
U042,U011,8.11,30.0,10.0,15.06,0,2025-02-15
U042,U020,5.86,55.0,10.0,21.43,1,2025-06-08
U042,U045,1.78,45.0,100.0,34.39,0,2025-02-07
U042,U054,3.2,55.0,10.0,20.1,1,2025-04-14
U042,U065,5.85,100.0,50.0,42.93,1,2025-07-05
U042,U066,2.52,45.0,10.0,16.76,1,2025-06-24
U042,U053,4.4,55.0,10.0,20.7,0,2025-03-28
U042,U052,3.52,10.0,10.0,6.76,0,2025-04-09
U042,U009,4.42,75.0,10.0,26.71,0,2025-03-15
U042,U021,28.91,55.0,10.0,32.95,1,2025-02-22
U042,U010,4.18,45.0,50.0,25.59,0,2025-05-12
U042,U067,35.13,45.0,10.0,33.07,1,2025-02-24
U042,U062,6.23,75.0,10.0,27.62,1,2025-04-04
U042,U014,5.55,45.0,50.0,26.28,0,2025-06-17
U042,U036,27.11,10.0,10.0,18.55,1,2025-05-04
U042,U072,5.31,45.0,50.0,26.16,1,2025-04-24
U042,U002,38.88,55.0,50.0,45.94,0,2025-03-08
U042,U006,4.46,75.0,50.0,34.73,0,2025-01-29
U042,U017,3.45,75.0,50.0,34.23,1,2025-05-10
U043,U069,2.19,30.0,10.0,12.09,0,2025-01-28
U043,U014,3.33,30.0,50.0,20.67,0,2025-06-09
U043,U042,1.24,100.0,50.0,40.62,0,2025-03-23
U043,U027,2.62,100.0,10.0,33.31,0,2025-01-28
U043,U006,0.45,100.0,100.0,50.22,1,2025-04-03
U043,U047,31.79,45.0,50.0,39.4,0,2025-01-20
U043,U011,4.28,45.0,10.0,17.64,0,2025-05-16
U043,U067,0.95,30.0,10.0,11.48,0,2025-01-25
U043,U064,2.88,45.0,10.0,16.94,0,2025-01-30
U043,U073,1.29,10.0,10.0,5.64,0,2025-02-10
U043,U021,60.36,45.0,10.0,45.68,1,2025-06-11
U043,U045,29.59,30.0,50.0,33.8,0,2025-06-24
U043,U059,3.87,30.0,10.0,12.93,1,2025-03-05
U043,U002,5.55,45.0,100.0,36.27,0,2025-07-03
U043,U037,2.62,10.0,50.0,14.31,0,2025-02-24
U043,U054,2.3,45.0,10.0,16.65,0,2025-06-22
U043,U026,4.26,55.0,10.0,20.63,0,2025-04-10
U043,U028,2.23,30.0,10.0,12.12,1,2025-02-04
U043,U061,3.4,45.0,50.0,25.2,0,2025-06-06
U043,U007,28.43,55.0,10.0,32.71,1,2025-03-03
U043,U063,29.65,30.0,50.0,33.83,0,2025-07-05
U043,U029,7.36,30.0,10.0,14.68,0,2025-06-05
U043,U055,3.53,55.0,50.0,28.26,0,2025-06-23
U043,U010,62.07,30.0,100.0,60.03,1,2025-04-27
U043,U036,1.91,55.0,10.0,19.45,0,2025-02-28
U043,U044,65.44,10.0,10.0,37.72,0,2025-03-25
U043,U065,10.77,75.0,100.0,47.88,0,2025-01-27
U044,U001,32.88,100.0,10.0,48.44,0,2025-03-07
U044,U042,2.6,55.0,10.0,19.8,0,2025-06-09
U044,U046,9.63,75.0,10.0,29.31,1,2025-06-21
U044,U071,4.22,75.0,10.0,26.61,1,2025-02-02
U044,U050,1.43,55.0,10.0,19.22,1,2025-05-21
U044,U058,2.06,65.0,100.0,40.53,0,2025-02-08
U044,U026,5.91,100.0,10.0,34.96,1,2025-02-15
U044,U061,1.76,45.0,10.0,16.38,0,2025-06-25
U044,U048,1.4,55.0,100.0,37.2,0,2025-05-21
U044,U038,49.89,45.0,10.0,40.44,1,2025-01-16
U044,U024,0.96,45.0,10.0,15.98,0,2025-04-30
U044,U065,3.78,10.0,10.0,6.89,1,2025-05-13
U044,U016,2.2,75.0,10.0,25.6,0,2025-06-09
U044,U036,1.05,100.0,10.0,32.53,0,2025-03-08
U044,U030,33.0,30.0,10.0,27.5,1,2025-02-26
U044,U040,3.87,45.0,10.0,17.43,0,2025-04-27
U044,U020,47.23,45.0,10.0,39.11,1,2025-02-05
U044,U052,38.3,100.0,10.0,51.15,1,2025-06-05
U044,U027,4.14,55.0,10.0,20.57,0,2025-05-27
U044,U034,1.99,30.0,10.0,11.99,1,2025-04-24
U044,U007,2.9,100.0,10.0,33.45,1,2025-03-04
U044,U041,4.2,55.0,10.0,20.6,1,2025-05-12
U044,U059,5.37,55.0,10.0,21.19,1,2025-04-20
U044,U063,3.04,55.0,10.0,20.02,0,2025-05-16
U044,U002,2.73,45.0,10.0,16.87,0,2025-01-10
U044,U067,2.14,55.0,10.0,19.57,0,2025-02-10
U044,U029,8.52,55.0,10.0,22.76,0,2025-02-20
U045,U041,89.03,45.0,10.0,60.02,1,2025-05-21
U045,U062,3.83,45.0,10.0,17.42,0,2025-06-17
U045,U051,4.11,55.0,100.0,38.55,1,2025-03-30
U045,U023,3.34,55.0,50.0,28.17,0,2025-03-08
U045,U002,5.25,30.0,50.0,21.63,1,2025-03-05
U045,U053,3.01,55.0,10.0,20.0,0,2025-04-17
U045,U007,26.18,45.0,10.0,28.59,1,2025-04-08
U045,U004,4.01,100.0,50.0,42.0,1,2025-04-12
U045,U031,39.92,75.0,10.0,44.46,1,2025-02-11
U045,U071,4.93,55.0,50.0,28.96,1,2025-02-01
U045,U030,5.17,10.0,10.0,7.58,0,2025-06-11
U045,U026,1.14,45.0,10.0,16.07,0,2025-05-11
U045,U018,0.62,45.0,10.0,15.81,1,2025-02-21
U045,U073,7.65,55.0,10.0,22.33,1,2025-06-24
U045,U012,3.71,30.0,100.0,30.85,1,2025-05-08
U045,U061,2.5,55.0,50.0,27.75,0,2025-03-02
U045,U003,3.64,30.0,10.0,12.82,0,2025-05-01
U045,U060,1.48,45.0,10.0,16.24,0,2025-06-09
U045,U057,1.04,100.0,50.0,40.52,0,2025-05-03
U045,U058,61.6,45.0,10.0,46.3,1,2025-05-09
U045,U046,2.06,55.0,10.0,19.53,0,2025-04-24
U045,U052,3.8,45.0,10.0,17.4,0,2025-03-26
U045,U014,1.65,45.0,50.0,24.32,1,2025-06-28
U045,U044,3.61,55.0,10.0,20.31,0,2025-06-04
U045,U020,7.18,55.0,10.0,22.09,0,2025-06-29
U045,U001,3.45,45.0,50.0,25.23,1,2025-03-12
U045,U036,3.32,45.0,10.0,17.16,0,2025-04-15
U046,U043,7.57,10.0,10.0,8.79,0,2025-06-04
U046,U019,27.54,55.0,10.0,32.27,1,2025-07-05
U046,U049,4.0,30.0,100.0,31.0,1,2025-04-29
U046,U028,4.31,65.0,50.0,31.65,0,2025-02-15
U046,U024,30.95,45.0,10.0,30.97,1,2025-05-16
U046,U042,6.57,55.0,10.0,21.79,1,2025-05-11
U046,U050,2.05,55.0,100.0,37.53,0,2025-05-30
U046,U054,2.79,45.0,10.0,16.9,0,2025-04-07
U046,U041,2.78,55.0,50.0,27.89,1,2025-03-25
U046,U032,2.47,55.0,10.0,19.74,1,2025-03-07
U046,U064,4.42,45.0,10.0,17.71,0,2025-02-07
U046,U021,6.37,45.0,10.0,18.68,0,2025-02-15
U046,U073,0.27,75.0,10.0,24.64,0,2025-04-21
U046,U066,10.61,65.0,10.0,26.81,1,2025-03-11
U046,U001,8.98,100.0,10.0,36.49,0,2025-04-26
U046,U070,7.28,45.0,50.0,27.14,0,2025-03-20
U046,U026,43.53,100.0,10.0,53.77,1,2025-02-08
U046,U002,12.31,45.0,10.0,21.66,0,2025-05-04
U046,U015,6.31,75.0,50.0,35.66,1,2025-03-27
U046,U068,39.97,55.0,100.0,56.48,1,2025-02-09
U046,U061,25.67,45.0,10.0,28.34,0,2025-06-12
U046,U006,0.52,55.0,10.0,18.76,0,2025-01-11
U046,U058,0.23,65.0,10.0,21.61,1,2025-01-15
U046,U035,5.93,100.0,10.0,34.97,0,2025-04-08
U046,U048,5.21,55.0,10.0,21.1,1,2025-03-06
U046,U004,34.67,45.0,10.0,32.84,0,2025-01-25
U046,U036,4.56,100.0,10.0,34.28,0,2025-05-20
U047,U009,0.76,55.0,10.0,18.88,0,2025-03-05
U047,U060,1.25,30.0,10.0,11.63,0,2025-01-24
U047,U018,0.87,55.0,10.0,18.93,0,2025-03-06
U047,U031,31.0,30.0,10.0,26.5,0,2025-05-27
U047,U055,6.93,55.0,100.0,39.97,0,2025-03-21
U047,U070,1.62,45.0,10.0,16.31,1,2025-04-07
U047,U051,61.71,45.0,50.0,54.36,1,2025-06-12
U047,U062,2.84,55.0,10.0,19.92,1,2025-05-28
U047,U071,1.28,45.0,50.0,24.14,0,2025-05-19
U047,U053,6.59,65.0,10.0,24.79,0,2025-04-07
U047,U058,3.47,55.0,10.0,20.24,0,2025-04-01
U047,U072,1.98,30.0,100.0,29.99,0,2025-01-23
U047,U007,28.61,30.0,10.0,25.3,1,2025-04-14
U047,U002,4.64,75.0,50.0,34.82,1,2025-06-10
U047,U042,1.99,55.0,50.0,27.5,0,2025-03-15
U047,U030,3.2,55.0,10.0,20.1,1,2025-02-07
U047,U052,3.68,30.0,10.0,12.84,1,2025-02-20
U047,U032,33.48,30.0,10.0,27.74,0,2025-05-31
U047,U048,1.97,30.0,10.0,11.99,0,2025-02-10
U047,U004,3.66,45.0,50.0,25.33,0,2025-03-06
U047,U065,0.88,45.0,50.0,23.94,0,2025-03-02
U047,U038,5.6,45.0,10.0,18.3,0,2025-05-18
U047,U066,11.54,55.0,10.0,24.27,1,2025-05-13
U047,U003,3.38,45.0,10.0,17.19,0,2025-06-08
U047,U045,31.07,30.0,50.0,34.53,0,2025-05-23
U047,U041,31.47,55.0,10.0,34.24,1,2025-01-25
U047,U057,0.82,45.0,100.0,33.91,0,2025-06-23
U048,U034,2.72,45.0,10.0,16.86,0,2025-02-17
U048,U059,2.85,75.0,10.0,25.92,1,2025-03-11
U048,U074,3.2,30.0,10.0,12.6,0,2025-05-13
U048,U016,3.5,55.0,10.0,20.25,0,2025-03-11
U048,U055,2.92,45.0,10.0,16.96,0,2025-01-10
U048,U044,1.4,55.0,100.0,37.2,1,2025-02-01
U048,U032,3.44,45.0,100.0,35.22,1,2025-04-17
U048,U011,5.49,65.0,10.0,24.25,0,2025-04-18
U048,U029,33.92,75.0,10.0,41.46,1,2025-06-07
U048,U003,39.64,30.0,10.0,30.82,0,2025-02-08
U048,U041,1.69,45.0,10.0,16.35,0,2025-05-19
U048,U058,1.55,45.0,100.0,34.28,0,2025-05-11
U048,U012,27.93,30.0,10.0,24.97,1,2025-02-12
U048,U075,2.53,30.0,100.0,30.26,0,2025-05-19
U048,U026,5.21,45.0,10.0,18.11,1,2025-01-10
U048,U047,1.97,30.0,10.0,11.99,0,2025-01-24
U048,U008,1.55,10.0,10.0,5.78,0,2025-03-19
U048,U045,1.11,75.0,10.0,25.05,1,2025-05-28
U048,U068,4.6,45.0,10.0,17.8,0,2025-04-01
U048,U072,29.71,75.0,10.0,39.35,1,2025-04-29
U048,U014,29.87,45.0,10.0,30.43,1,2025-03-20
U048,U069,5.05,75.0,10.0,27.02,1,2025-04-22
U048,U031,1.36,75.0,10.0,25.18,0,2025-03-20
U048,U040,3.25,30.0,10.0,12.63,0,2025-03-25
U048,U054,1.73,55.0,10.0,19.36,0,2025-01-28
U048,U053,4.22,55.0,10.0,20.61,1,2025-01-22
U048,U046,5.21,55.0,10.0,21.1,1,2025-03-27
U049,U046,4.0,30.0,100.0,31.0,0,2025-05-28
U049,U063,2.3,45.0,10.0,16.65,1,2025-03-23
U049,U015,5.19,30.0,50.0,21.59,0,2025-04-25
U049,U026,5.72,45.0,10.0,18.36,1,2025-04-07
U049,U057,2.18,30.0,10.0,12.09,1,2025-02-06
U049,U069,4.89,45.0,10.0,17.95,0,2025-03-08
U049,U007,1.52,45.0,10.0,16.26,0,2025-04-03
U049,U006,3.16,65.0,10.0,23.08,0,2025-06-16
U049,U013,2.47,45.0,10.0,16.73,0,2025-06-02
U049,U021,61.24,55.0,10.0,49.12,0,2025-01-12
U049,U071,5.68,30.0,10.0,13.84,0,2025-03-09
U049,U048,2.32,45.0,10.0,16.66,0,2025-02-27
U049,U023,37.36,30.0,10.0,29.68,0,2025-03-26
U049,U036,4.19,45.0,10.0,17.6,1,2025-02-01
U049,U065,5.3,55.0,10.0,21.15,0,2025-01-24
U049,U024,3.48,55.0,10.0,20.24,0,2025-07-02
U049,U051,4.9,30.0,10.0,13.45,1,2025-03-02
U049,U005,1.53,30.0,10.0,11.76,0,2025-06-08
U049,U027,4.84,65.0,50.0,31.92,1,2025-03-23
U049,U009,59.14,65.0,10.0,51.07,0,2025-03-11
U049,U033,3.41,55.0,10.0,20.2,1,2025-05-05
U049,U039,9.48,45.0,100.0,38.24,0,2025-03-04
U049,U053,35.57,55.0,10.0,36.28,1,2025-04-01
U049,U059,46.62,45.0,100.0,56.81,0,2025-03-15
U049,U050,4.51,45.0,100.0,35.76,0,2025-03-07
U049,U022,6.25,55.0,50.0,29.62,1,2025-03-26
U049,U052,4.83,45.0,10.0,17.91,1,2025-02-19
U050,U048,1.37,75.0,10.0,25.19,0,2025-04-02
U050,U056,2.34,65.0,10.0,22.67,1,2025-04-18
U050,U019,2.12,75.0,10.0,25.56,0,2025-03-18
U050,U071,5.19,55.0,10.0,21.1,0,2025-03-15
U050,U064,59.31,30.0,10.0,40.65,0,2025-05-02
U050,U049,4.51,45.0,100.0,35.76,1,2025-05-05
U050,U047,64.03,30.0,10.0,43.02,1,2025-06-05
U050,U058,32.49,45.0,10.0,31.74,1,2025-01-24
U050,U031,5.01,75.0,100.0,45.01,1,2025-03-02
U050,U034,4.76,45.0,10.0,17.88,1,2025-03-13
U050,U072,1.18,75.0,10.0,25.09,1,2025-02-16
U050,U074,34.83,30.0,10.0,28.41,1,2025-03-03
U050,U006,13.83,45.0,10.0,22.41,1,2025-01-29
U050,U029,5.84,75.0,10.0,27.42,1,2025-01-19
U050,U007,2.2,45.0,10.0,16.6,1,2025-06-16
U050,U022,30.94,65.0,50.0,44.97,1,2025-03-02
U050,U067,7.76,75.0,10.0,28.38,0,2025-05-26
U050,U037,8.59,55.0,10.0,22.8,1,2025-04-28
U050,U075,2.36,30.0,10.0,12.18,0,2025-06-19
U050,U005,0.82,100.0,10.0,32.41,0,2025-04-26
U050,U008,32.49,10.0,100.0,39.24,1,2025-03-20
U050,U068,64.88,45.0,100.0,65.94,1,2025-03-07
U050,U060,2.13,45.0,50.0,24.57,0,2025-01-22
U050,U014,1.23,45.0,10.0,16.12,0,2025-04-14
U050,U063,3.2,75.0,10.0,26.1,0,2025-01-24
U050,U042,3.29,45.0,10.0,17.15,1,2025-02-10
U050,U003,0.61,30.0,10.0,11.31,1,2025-05-07
U051,U067,38.88,55.0,10.0,37.94,1,2025-02-09
U051,U037,8.24,75.0,100.0,46.62,1,2025-02-01
U051,U011,3.89,45.0,10.0,17.44,0,2025-06-27
U051,U055,5.38,30.0,50.0,21.69,1,2025-01-26
U051,U023,63.71,45.0,50.0,55.36,1,2025-03-29
U051,U030,2.91,30.0,10.0,12.46,0,2025-04-09
U051,U066,4.9,65.0,10.0,23.95,0,2025-01-13
U051,U058,4.07,65.0,10.0,23.54,1,2025-06-19
U051,U020,4.09,45.0,10.0,17.54,0,2025-02-09
U051,U064,85.89,45.0,10.0,58.45,1,2025-06-01
U051,U073,6.31,75.0,10.0,27.65,0,2025-04-19
U051,U033,5.16,45.0,100.0,36.08,0,2025-04-10
U051,U039,8.75,30.0,10.0,15.37,1,2025-05-09
U051,U068,64.96,55.0,10.0,50.98,0,2025-02-28
U051,U053,7.38,45.0,10.0,19.19,1,2025-03-12
U051,U005,2.14,45.0,10.0,16.57,1,2025-01-30
U051,U009,1.97,55.0,10.0,19.49,1,2025-05-18
U051,U071,32.52,75.0,50.0,48.76,1,2025-02-09
U051,U048,3.07,55.0,10.0,20.04,1,2025-05-17
U051,U007,3.55,100.0,10.0,33.77,1,2025-02-10
U051,U016,8.56,75.0,10.0,28.78,1,2025-03-31
U051,U001,2.53,100.0,50.0,41.26,0,2025-02-11
U051,U022,3.88,45.0,10.0,17.44,1,2025-06-19
U051,U047,61.71,45.0,50.0,54.36,1,2025-07-05
U051,U035,4.55,100.0,10.0,34.28,0,2025-03-15
U051,U034,4.59,30.0,10.0,13.29,1,2025-04-08
U051,U008,4.07,30.0,10.0,13.04,1,2025-05-20
U052,U027,51.49,10.0,10.0,30.75,1,2025-02-21
U052,U053,2.76,30.0,50.0,20.38,1,2025-05-02
U052,U071,50.09,100.0,10.0,57.04,1,2025-06-12
U052,U045,3.8,45.0,10.0,17.4,1,2025-06-12
U052,U005,41.22,55.0,100.0,57.11,1,2025-06-14
U052,U039,9.93,45.0,10.0,20.47,1,2025-03-16
U052,U008,2.06,45.0,10.0,16.53,1,2025-05-26
U052,U006,2.86,10.0,10.0,6.43,1,2025-05-12
U052,U018,7.1,45.0,10.0,19.05,1,2025-05-15
U052,U021,4.16,30.0,100.0,31.08,1,2025-06-16
U052,U026,62.96,75.0,100.0,73.98,1,2025-03-04
U052,U048,2.33,45.0,10.0,16.67,0,2025-01-11
U052,U032,3.74,45.0,10.0,17.37,1,2025-03-30
U052,U051,2.2,100.0,10.0,33.1,0,2025-05-17
U052,U056,50.22,55.0,10.0,43.61,1,2025-04-26
U052,U007,4.84,75.0,50.0,34.92,0,2025-05-23
U052,U054,1.64,30.0,50.0,19.82,1,2025-04-14
U052,U031,5.4,45.0,10.0,18.2,1,2025-03-09
U052,U023,1.13,65.0,10.0,22.07,1,2025-03-07
U052,U059,7.45,45.0,10.0,19.22,1,2025-02-23
U052,U013,5.63,45.0,10.0,18.31,1,2025-03-02
U052,U067,1.7,45.0,50.0,24.35,1,2025-05-02
U052,U014,52.05,45.0,10.0,41.53,0,2025-03-19
U052,U040,6.29,30.0,10.0,14.14,1,2025-03-01
U052,U010,2.52,45.0,10.0,16.76,1,2025-03-24
U052,U035,41.28,75.0,50.0,53.14,1,2025-05-18
U052,U075,60.35,30.0,10.0,41.18,1,2025-03-09
U053,U027,4.14,55.0,10.0,20.57,0,2025-06-09
U053,U008,6.39,100.0,10.0,35.2,0,2025-04-16
U053,U054,8.38,75.0,100.0,46.69,0,2025-07-08
U053,U040,3.99,65.0,10.0,23.49,1,2025-02-16
U053,U051,7.38,45.0,10.0,19.19,0,2025-02-17
U053,U030,3.86,100.0,10.0,33.93,1,2025-01-29
U053,U045,3.01,55.0,10.0,20.0,1,2025-05-16
U053,U018,0.82,30.0,10.0,11.41,0,2025-02-20
U053,U034,5.24,55.0,50.0,29.12,0,2025-05-04
U053,U007,1.18,30.0,100.0,29.59,0,2025-03-28
U053,U017,54.58,55.0,10.0,45.79,1,2025-05-30
U053,U047,6.59,65.0,10.0,24.79,1,2025-06-05
U053,U015,6.91,45.0,10.0,18.96,0,2025-04-04
U053,U058,6.39,30.0,10.0,14.2,0,2025-01-18
U053,U002,4.43,65.0,10.0,23.71,0,2025-03-20
U053,U046,23.62,45.0,10.0,27.31,1,2025-04-13
U053,U055,7.71,55.0,10.0,22.36,0,2025-06-12
U053,U059,70.13,55.0,10.0,53.56,1,2025-06-23
U053,U009,0.84,55.0,50.0,26.92,0,2025-01-13
U053,U052,2.76,30.0,50.0,20.38,0,2025-04-29
U053,U010,3.27,55.0,10.0,20.14,1,2025-02-09
U053,U020,1.98,75.0,10.0,25.49,1,2025-03-22
U053,U049,35.57,55.0,10.0,36.28,1,2025-05-05
U053,U032,51.88,30.0,10.0,36.94,0,2025-03-30
U053,U064,6.54,65.0,100.0,42.77,0,2025-03-30
U053,U028,37.29,30.0,10.0,29.65,1,2025-01-31
U053,U025,7.08,75.0,50.0,36.04,0,2025-06-30
U054,U035,4.02,30.0,50.0,21.01,1,2025-06-09
U054,U010,4.04,55.0,10.0,20.52,0,2025-02-19
U054,U053,8.38,75.0,100.0,46.69,1,2025-04-05
U054,U034,6.89,55.0,50.0,29.94,1,2025-07-08
U054,U021,3.48,65.0,50.0,31.24,1,2025-05-12
U054,U071,3.76,45.0,10.0,17.38,0,2025-01-21
U054,U061,6.72,75.0,10.0,27.86,0,2025-02-19
U054,U030,5.53,100.0,10.0,34.76,0,2025-03-19
U054,U020,2.22,75.0,10.0,25.61,0,2025-06-05
U054,U004,4.35,10.0,10.0,7.17,0,2025-02-15
U054,U011,1.4,45.0,50.0,24.2,1,2025-02-25
U054,U042,3.2,55.0,10.0,20.1,0,2025-06-22
U054,U028,8.64,30.0,10.0,15.32,0,2025-03-27
U054,U015,46.68,45.0,10.0,38.84,0,2025-06-21
U054,U002,3.82,65.0,10.0,23.41,1,2025-04-22
U054,U043,2.3,45.0,10.0,16.65,1,2025-02-18
U054,U023,7.71,45.0,10.0,19.35,0,2025-06-05
U054,U026,2.06,30.0,50.0,20.03,0,2025-06-27
U054,U048,1.73,55.0,10.0,19.36,0,2025-06-22
U054,U063,3.25,55.0,10.0,20.13,0,2025-03-28
U054,U037,6.12,45.0,10.0,18.56,1,2025-04-02
U054,U059,6.67,55.0,10.0,21.83,0,2025-04-14
U054,U009,4.0,55.0,50.0,28.5,1,2025-03-10
U054,U065,2.12,45.0,10.0,16.56,1,2025-06-23
U054,U051,6.02,45.0,10.0,18.51,0,2025-04-28
U054,U024,4.27,75.0,10.0,26.64,0,2025-01-10
U054,U067,6.21,55.0,50.0,29.6,0,2025-02-18
U055,U004,6.3,30.0,50.0,22.15,1,2025-06-30
U055,U027,4.69,65.0,10.0,23.85,1,2025-02-24
U055,U046,2.75,30.0,10.0,12.37,0,2025-05-12
U055,U040,7.75,55.0,50.0,30.38,0,2025-01-12
U055,U053,7.71,55.0,10.0,22.36,1,2025-03-07
U055,U071,4.41,30.0,50.0,21.2,1,2025-02-02
U055,U058,37.82,45.0,10.0,34.41,1,2025-03-26
U055,U045,2.67,45.0,50.0,24.83,0,2025-02-08
U055,U021,6.45,55.0,10.0,21.72,1,2025-05-10
U055,U039,6.19,45.0,10.0,18.59,1,2025-03-06
U055,U062,4.88,65.0,10.0,23.94,0,2025-06-25
U055,U035,4.53,45.0,10.0,17.77,1,2025-06-03
U055,U003,3.8,100.0,10.0,33.9,0,2025-04-13
U055,U010,4.3,45.0,50.0,25.65,1,2025-05-10
U055,U005,1.02,30.0,10.0,11.51,0,2025-05-03
U055,U054,92.94,55.0,10.0,64.97,1,2025-07-03
U055,U047,6.93,55.0,100.0,39.97,0,2025-03-14
U055,U029,2.84,45.0,10.0,16.92,0,2025-02-13
U055,U073,4.88,30.0,10.0,13.44,0,2025-04-30
U055,U065,4.96,55.0,50.0,28.98,0,2025-06-02
U055,U052,4.06,45.0,10.0,17.53,1,2025-02-20
U055,U017,39.63,65.0,50.0,49.31,0,2025-06-23
U055,U007,1.97,45.0,10.0,16.49,0,2025-04-24
U055,U011,5.07,55.0,10.0,21.04,1,2025-03-30
U055,U023,7.58,30.0,100.0,32.79,0,2025-05-23
U055,U013,4.38,45.0,10.0,17.69,1,2025-05-16
U055,U063,3.83,45.0,100.0,35.41,0,2025-05-24
U056,U071,49.95,45.0,100.0,58.48,1,2025-06-06
U056,U051,2.1,45.0,50.0,24.55,1,2025-05-18
U056,U030,3.02,30.0,10.0,12.51,0,2025-05-31
U056,U002,6.3,45.0,100.0,36.65,1,2025-05-09
U056,U069,1.79,65.0,10.0,22.4,1,2025-05-16
U056,U008,5.94,30.0,10.0,13.97,1,2025-02-02
U056,U063,5.6,65.0,50.0,32.3,0,2025-06-27
U056,U005,19.38,45.0,10.0,25.19,0,2025-07-01
U056,U014,68.3,100.0,50.0,74.15,0,2025-06-15
U056,U010,2.68,65.0,100.0,40.84,1,2025-04-30
U056,U075,52.89,10.0,10.0,31.44,1,2025-04-14
U056,U032,15.73,100.0,10.0,39.87,1,2025-02-02
U056,U049,4.72,55.0,10.0,20.86,0,2025-02-22
U056,U007,17.23,55.0,10.0,27.12,0,2025-02-07
U056,U029,4.76,65.0,10.0,23.88,0,2025-05-04
U056,U070,55.23,10.0,10.0,32.61,0,2025-02-21
U056,U074,55.23,45.0,10.0,43.11,0,2025-02-19
U056,U020,5.54,45.0,10.0,18.27,0,2025-04-10
U056,U068,1.81,30.0,10.0,11.91,0,2025-01-22
U056,U065,55.1,45.0,100.0,61.05,1,2025-04-14
U056,U064,3.28,45.0,10.0,17.14,0,2025-01-20
U056,U050,2.34,65.0,10.0,22.67,0,2025-05-20
U056,U046,6.47,45.0,10.0,18.73,1,2025-06-11
U056,U036,16.45,55.0,10.0,26.72,1,2025-06-12
U056,U025,2.49,45.0,10.0,16.75,0,2025-01-11
U056,U057,17.47,45.0,50.0,32.23,1,2025-05-30
U056,U062,54.22,30.0,10.0,38.11,0,2025-05-23
U057,U050,1.3,100.0,10.0,32.65,0,2025-02-12
U057,U016,3.3,45.0,10.0,17.15,0,2025-04-06
U057,U056,17.47,45.0,50.0,32.23,0,2025-03-29
U057,U049,2.18,30.0,10.0,12.09,0,2025-01-26
U057,U009,3.49,30.0,10.0,12.75,0,2025-02-14
U057,U048,93.23,100.0,10.0,78.61,1,2025-03-20
U057,U002,4.12,45.0,50.0,25.56,1,2025-03-27
U057,U073,2.24,45.0,10.0,16.62,0,2025-06-12
U057,U064,2.3,45.0,10.0,16.65,0,2025-03-24
U057,U045,1.04,100.0,50.0,40.52,0,2025-03-26
U057,U047,0.82,45.0,100.0,33.91,0,2025-06-14
U057,U058,1.46,55.0,10.0,19.23,1,2025-03-16
U057,U014,42.64,65.0,100.0,60.82,1,2025-06-29
U057,U065,29.65,45.0,50.0,38.32,1,2025-01-28
U057,U030,0.73,55.0,10.0,18.87,1,2025-06-02
U057,U040,3.06,45.0,50.0,25.03,1,2025-05-06
U057,U041,1.6,30.0,10.0,11.8,0,2025-02-03
U057,U005,17.57,75.0,10.0,33.28,0,2025-04-19
U057,U004,5.69,75.0,50.0,35.35,1,2025-01-14
U057,U036,15.33,55.0,10.0,26.16,1,2025-03-18
U057,U059,1.47,100.0,10.0,32.74,1,2025-05-14
U057,U028,0.78,55.0,10.0,18.89,1,2025-03-12
U057,U066,0.96,55.0,10.0,18.98,1,2025-05-12
U057,U013,4.31,100.0,10.0,34.16,0,2025-05-21
U057,U071,3.88,45.0,50.0,25.44,1,2025-07-07
U057,U035,3.27,55.0,10.0,20.13,0,2025-03-20
U057,U068,3.24,30.0,10.0,12.62,0,2025-01-28
U058,U050,32.49,45.0,10.0,31.74,1,2025-05-11
U058,U052,2.06,45.0,10.0,16.53,0,2025-03-08
U058,U015,3.62,65.0,10.0,23.31,1,2025-01-24
U058,U035,5.73,45.0,10.0,18.36,0,2025-03-09
U058,U027,6.98,45.0,10.0,18.99,1,2025-04-07
U058,U023,4.31,100.0,10.0,34.15,1,2025-04-15
U058,U049,5.9,45.0,10.0,18.45,0,2025-05-21
U058,U048,1.55,45.0,100.0,34.28,0,2025-05-03
U058,U044,2.06,65.0,100.0,40.53,1,2025-05-20
U058,U004,7.1,55.0,10.0,22.05,1,2025-02-13
U058,U020,1.13,30.0,10.0,11.57,0,2025-01-27
U058,U042,2.59,45.0,10.0,16.79,0,2025-02-26
U058,U002,21.7,55.0,10.0,29.35,1,2025-01-17
U058,U009,3.37,45.0,10.0,17.18,1,2025-03-08
U058,U030,16.93,45.0,10.0,23.96,0,2025-03-24
U058,U067,6.94,45.0,10.0,18.97,1,2025-03-21
U058,U037,3.7,65.0,10.0,23.35,1,2025-02-07
U058,U014,1.97,45.0,10.0,16.48,0,2025-03-24
U058,U022,88.57,55.0,10.0,62.79,1,2025-04-16
U058,U064,19.19,55.0,10.0,28.09,0,2025-06-02
U058,U039,0.96,45.0,10.0,15.98,0,2025-05-28
U058,U005,3.56,55.0,10.0,20.28,0,2025-05-29
U058,U036,3.32,45.0,10.0,17.16,0,2025-04-11
U058,U069,3.09,45.0,10.0,17.04,0,2025-04-18
U058,U003,0.97,30.0,10.0,11.49,1,2025-02-23
U058,U038,0.0,55.0,10.0,18.5,0,2025-04-05
U058,U011,3.08,55.0,10.0,20.04,0,2025-06-08
U059,U035,7.87,45.0,10.0,19.43,1,2025-02-02
U059,U022,2.59,65.0,50.0,30.8,0,2025-05-21
U059,U050,4.6,75.0,100.0,44.8,0,2025-03-31
U059,U029,1.18,75.0,10.0,25.09,1,2025-03-02
U059,U073,53.22,55.0,10.0,45.11,1,2025-04-17
U059,U067,12.14,75.0,10.0,30.57,1,2025-06-25
U059,U057,1.47,100.0,10.0,32.74,1,2025-05-04
U059,U033,5.63,55.0,10.0,21.32,1,2025-04-11
U059,U060,5.18,45.0,50.0,26.09,1,2025-02-03
U059,U010,0.9,75.0,10.0,24.95,0,2025-05-23
U059,U054,6.67,55.0,10.0,21.83,1,2025-05-01
U059,U043,3.87,30.0,10.0,12.93,0,2025-06-10
U059,U032,4.9,45.0,10.0,17.95,1,2025-06-28
U059,U047,6.88,30.0,10.0,14.44,0,2025-06-15
U059,U041,2.59,45.0,50.0,24.8,1,2025-01-27
U059,U020,7.4,55.0,50.0,30.2,0,2025-02-22
U059,U002,6.66,30.0,10.0,14.33,0,2025-04-09
U059,U007,2.83,45.0,10.0,16.92,1,2025-04-26
U059,U038,7.92,100.0,50.0,43.96,1,2025-05-31
U059,U051,7.17,55.0,10.0,22.08,0,2025-06-26
U059,U072,26.23,75.0,10.0,37.61,1,2025-01-10
U059,U015,9.22,55.0,50.0,31.11,0,2025-01-17
U059,U028,46.94,45.0,50.0,46.97,1,2025-05-20
U059,U001,6.21,45.0,10.0,18.61,0,2025-03-12
U059,U034,4.13,45.0,10.0,17.57,0,2025-02-22
U059,U023,48.38,55.0,10.0,42.69,0,2025-07-04
U059,U074,6.08,30.0,10.0,14.04,1,2025-04-07
U060,U068,1.03,10.0,50.0,13.52,0,2025-05-12
U060,U021,87.49,30.0,10.0,54.75,0,2025-06-08
U060,U003,6.96,30.0,10.0,14.48,0,2025-03-21
U060,U052,8.03,75.0,10.0,28.52,1,2025-05-14
U060,U048,3.11,45.0,10.0,17.06,1,2025-03-19
U060,U019,27.12,45.0,10.0,29.06,1,2025-02-15
U060,U042,27.31,10.0,10.0,18.65,0,2025-01-17
U060,U010,62.08,45.0,10.0,46.54,1,2025-06-07
U060,U002,39.75,30.0,10.0,30.87,1,2025-06-21
U060,U063,1.43,45.0,10.0,16.21,0,2025-02-20
U060,U046,6.75,100.0,50.0,43.38,1,2025-03-03
U060,U011,17.39,55.0,10.0,27.19,0,2025-06-06
U060,U051,27.78,100.0,10.0,45.89,0,2025-01-16
U060,U034,3.04,45.0,10.0,17.02,0,2025-07-02
U060,U017,2.68,10.0,10.0,6.34,1,2025-06-01
U060,U001,3.06,75.0,10.0,26.03,1,2025-01-24
U060,U064,29.48,30.0,10.0,25.74,1,2025-03-13
U060,U032,1.81,45.0,10.0,16.4,0,2025-03-03
U060,U038,4.0,55.0,100.0,38.5,1,2025-05-09
U060,U072,4.14,45.0,10.0,17.57,0,2025-06-28
U060,U062,4.49,10.0,50.0,15.25,1,2025-03-30
U060,U025,2.79,30.0,10.0,12.39,1,2025-01-11
U060,U066,1.68,45.0,10.0,16.34,1,2025-02-21
U060,U007,2.52,75.0,10.0,25.76,0,2025-06-14
U060,U005,1.5,55.0,10.0,19.25,0,2025-02-27
U060,U043,64.17,55.0,10.0,50.59,0,2025-04-24
U060,U036,28.38,75.0,10.0,38.69,0,2025-06-14
U061,U070,4.55,45.0,10.0,17.78,1,2025-01-10
U061,U039,36.9,100.0,10.0,50.45,0,2025-04-27
U061,U036,2.15,30.0,10.0,12.07,0,2025-05-21
U061,U046,25.67,45.0,10.0,28.34,1,2025-04-28
U061,U040,66.36,65.0,50.0,62.68,1,2025-01-17
U061,U075,4.73,45.0,10.0,17.87,0,2025-01-24
U061,U068,1.56,55.0,10.0,19.28,0,2025-02-06
U061,U005,0.0,10.0,10.0,5.0,0,2025-03-17
U061,U024,22.49,75.0,100.0,53.74,1,2025-01-28
U061,U016,5.76,45.0,10.0,18.38,1,2025-01-29
U061,U033,4.95,75.0,50.0,34.97,1,2025-06-01
U061,U067,8.15,55.0,10.0,22.57,0,2025-01-13
U061,U021,3.53,65.0,10.0,23.26,1,2025-02-12
U061,U011,1.99,45.0,10.0,16.5,0,2025-05-29
U061,U060,3.74,30.0,10.0,12.87,0,2025-04-09
U061,U042,4.55,55.0,50.0,28.78,0,2025-03-26
U061,U013,19.94,55.0,10.0,28.47,1,2025-04-05
U061,U006,5.06,55.0,50.0,29.03,1,2025-06-23
U061,U034,63.13,55.0,10.0,50.06,1,2025-04-26
U061,U049,3.41,55.0,10.0,20.2,0,2025-02-26
U061,U035,4.91,30.0,10.0,13.45,0,2025-02-11
U061,U052,2.72,30.0,10.0,12.36,0,2025-04-08
U061,U057,23.07,10.0,100.0,34.53,0,2025-02-09
U061,U064,2.08,65.0,10.0,22.54,0,2025-01-21
U061,U007,3.3,30.0,10.0,12.65,1,2025-06-10
U061,U032,5.36,30.0,10.0,13.68,0,2025-01-29
U061,U054,6.72,75.0,10.0,27.86,1,2025-05-19
U062,U011,2.19,30.0,10.0,12.09,0,2025-01-14
U062,U034,2.72,65.0,10.0,22.86,1,2025-07-08
U062,U024,5.03,55.0,10.0,21.02,1,2025-04-30
U062,U060,4.49,10.0,50.0,15.25,0,2025-06-30
U062,U055,4.88,65.0,10.0,23.94,1,2025-05-07
U062,U048,30.96,45.0,10.0,30.98,1,2025-01-23
U062,U020,16.08,55.0,50.0,34.54,1,2025-02-23
U062,U018,5.42,45.0,50.0,26.21,0,2025-03-28
U062,U058,4.38,45.0,10.0,17.69,0,2025-04-30
U062,U033,12.85,55.0,10.0,24.93,1,2025-06-25
U062,U043,3.45,100.0,10.0,33.73,0,2025-03-04
U062,U004,4.77,30.0,10.0,13.38,0,2025-02-23
U062,U049,5.21,65.0,100.0,42.11,1,2025-07-07
U062,U072,84.03,45.0,10.0,57.51,1,2025-01-27
U062,U029,43.86,45.0,10.0,37.43,1,2025-05-06
U062,U075,57.7,55.0,10.0,47.35,1,2025-05-05
U062,U071,56.55,55.0,10.0,46.78,1,2025-02-03
U062,U040,1.48,55.0,10.0,19.24,0,2025-01-28
U062,U063,3.93,45.0,10.0,17.46,1,2025-06-07
U062,U016,4.63,55.0,10.0,20.81,1,2025-06-03
U062,U050,10.85,45.0,100.0,38.92,1,2025-05-25
U062,U006,14.57,75.0,10.0,31.78,1,2025-07-02
U062,U012,29.43,55.0,10.0,33.22,1,2025-02-04
U062,U045,3.83,45.0,10.0,17.42,0,2025-01-23
U062,U059,3.3,45.0,100.0,35.15,0,2025-05-14
U062,U007,4.92,10.0,10.0,7.46,0,2025-03-26
U062,U032,4.4,45.0,10.0,17.7,0,2025-03-09
U063,U003,5.11,30.0,10.0,13.56,1,2025-03-07
U063,U051,3.55,55.0,50.0,28.27,0,2025-07-01
U063,U001,3.33,45.0,50.0,25.16,0,2025-01-22
U063,U046,24.53,55.0,10.0,30.76,1,2025-04-06
U063,U054,3.25,55.0,10.0,20.13,1,2025-03-18
U063,U074,2.91,30.0,10.0,12.45,0,2025-07-06
U063,U028,2.39,45.0,10.0,16.7,1,2025-05-12
U063,U060,1.43,45.0,10.0,16.21,0,2025-04-08
U063,U018,0.6,45.0,10.0,15.8,0,2025-06-24
U063,U042,1.33,45.0,50.0,24.17,1,2025-01-24
U063,U066,5.74,45.0,10.0,18.37,1,2025-02-11
U063,U053,20.25,55.0,10.0,28.62,1,2025-03-27
U063,U024,25.27,55.0,100.0,49.14,1,2025-05-09
U063,U048,2.08,75.0,10.0,25.54,0,2025-01-21
U063,U007,25.25,45.0,10.0,28.12,0,2025-05-06
U063,U068,5.58,45.0,10.0,18.29,0,2025-03-14
U063,U035,3.86,45.0,10.0,17.43,1,2025-03-26
U063,U011,1.39,65.0,10.0,22.2,0,2025-05-30
U063,U057,1.01,100.0,100.0,50.5,0,2025-03-29
U063,U022,60.7,65.0,10.0,51.85,1,2025-02-12
U063,U005,5.28,100.0,10.0,34.64,1,2025-01-29
U063,U070,2.91,30.0,10.0,12.45,0,2025-04-21
U063,U075,34.05,30.0,10.0,28.02,0,2025-05-18
U063,U019,17.6,75.0,100.0,51.3,0,2025-01-15
U063,U043,29.65,30.0,50.0,33.83,1,2025-05-27
U063,U038,4.86,100.0,10.0,34.43,1,2025-03-18
U063,U036,3.2,45.0,10.0,17.1,0,2025-06-24
U064,U039,8.66,55.0,10.0,22.83,0,2025-04-21
U064,U029,5.65,30.0,50.0,21.82,0,2025-03-08
U064,U037,7.14,45.0,10.0,19.07,1,2025-01-14
U064,U024,31.11,65.0,10.0,37.05,1,2025-06-04
U064,U004,5.9,45.0,10.0,18.45,0,2025-04-30
U064,U073,5.35,45.0,50.0,26.18,1,2025-05-17
U064,U067,35.8,30.0,50.0,36.9,0,2025-03-20
U064,U027,3.83,55.0,10.0,20.41,1,2025-01-11
U064,U070,2.82,45.0,10.0,16.91,1,2025-05-10
U064,U005,1.41,45.0,50.0,24.2,0,2025-01-21
U064,U057,2.3,45.0,10.0,16.65,1,2025-06-13
U064,U033,6.48,65.0,10.0,24.74,1,2025-05-25
U064,U047,61.31,75.0,10.0,55.16,0,2025-05-02
U064,U011,5.83,45.0,50.0,26.41,1,2025-01-20
U064,U025,3.96,65.0,50.0,31.48,0,2025-03-05
U064,U059,6.15,30.0,10.0,14.07,0,2025-06-09
U064,U060,29.48,30.0,10.0,25.74,0,2025-04-16
U064,U066,4.11,55.0,100.0,38.55,1,2025-02-07
U064,U031,3.25,30.0,10.0,12.63,0,2025-04-25
U064,U040,4.13,75.0,10.0,26.57,1,2025-04-21
U064,U038,2.83,45.0,10.0,16.92,0,2025-05-14
U064,U042,29.39,55.0,10.0,33.2,1,2025-06-20
U064,U065,1.84,45.0,10.0,16.42,0,2025-03-25
U064,U049,5.97,55.0,10.0,21.48,1,2025-05-13
U064,U035,4.78,30.0,50.0,21.39,1,2025-01-28
U064,U007,3.87,30.0,100.0,30.94,0,2025-04-12
U064,U046,4.42,45.0,10.0,17.71,1,2025-03-15
U065,U023,1.9,45.0,50.0,24.45,0,2025-03-06
U065,U045,1.74,30.0,50.0,19.87,0,2025-01-21
U065,U002,5.78,45.0,100.0,36.39,1,2025-02-19
U065,U029,40.32,30.0,10.0,31.16,0,2025-06-09
U065,U032,3.92,30.0,10.0,12.96,0,2025-06-26
U065,U030,1.35,55.0,10.0,19.18,1,2025-06-13
U065,U022,3.59,45.0,10.0,17.3,1,2025-04-05
U065,U060,6.02,55.0,10.0,21.51,1,2025-06-04
U065,U052,59.3,55.0,10.0,48.15,1,2025-04-10
U065,U011,4.36,45.0,10.0,17.68,0,2025-04-30
U065,U068,1.17,100.0,10.0,32.59,0,2025-02-16
U065,U044,3.78,10.0,10.0,6.89,1,2025-05-05
U065,U049,5.3,55.0,10.0,21.15,1,2025-01-19
U065,U050,1.3,30.0,10.0,11.65,0,2025-01-20
U065,U047,0.88,45.0,50.0,23.94,1,2025-01-23
U065,U038,5.56,45.0,10.0,18.28,0,2025-05-16
U065,U046,9.01,10.0,10.0,9.5,0,2025-04-24
U065,U019,8.77,30.0,50.0,23.39,0,2025-04-30
U065,U066,1.78,30.0,10.0,11.89,0,2025-02-16
U065,U018,5.5,30.0,10.0,13.75,1,2025-01-19
U065,U043,10.77,75.0,100.0,47.88,1,2025-02-22
U065,U021,4.31,45.0,10.0,17.65,0,2025-05-30
U065,U070,62.26,65.0,10.0,52.63,1,2025-03-29
U065,U035,5.69,55.0,10.0,21.34,0,2025-03-17
U065,U039,44.7,55.0,10.0,40.85,1,2025-06-19
U065,U016,3.58,10.0,10.0,6.79,0,2025-04-20
U065,U072,86.81,30.0,50.0,62.41,1,2025-04-26
U066,U013,4.93,45.0,10.0,17.97,0,2025-04-04
U066,U031,3.29,45.0,10.0,17.15,0,2025-03-03
U066,U048,2.34,45.0,10.0,16.67,0,2025-06-26
U066,U012,3.61,55.0,10.0,20.31,0,2025-01-17
U066,U034,7.34,45.0,50.0,27.17,0,2025-04-29
U066,U030,39.95,45.0,10.0,35.47,1,2025-05-04
U066,U023,5.12,100.0,10.0,34.56,1,2025-03-21
U066,U020,56.9,30.0,10.0,39.45,0,2025-05-27
U066,U026,5.02,45.0,50.0,26.01,0,2025-04-20
U066,U036,4.24,45.0,50.0,25.62,0,2025-04-22
U066,U041,4.06,45.0,10.0,17.53,0,2025-07-04
U066,U019,4.21,45.0,10.0,17.6,1,2025-06-14
U066,U060,1.68,45.0,10.0,16.34,1,2025-04-13
U066,U062,4.11,45.0,10.0,17.55,1,2025-04-08
U066,U010,0.67,45.0,10.0,15.83,0,2025-05-24
U066,U021,1.58,55.0,50.0,27.29,0,2025-01-25
U066,U051,4.9,65.0,10.0,23.95,1,2025-03-06
U066,U055,49.22,45.0,10.0,40.11,1,2025-01-22
U066,U072,4.45,45.0,10.0,17.72,0,2025-03-08
U066,U028,5.44,75.0,10.0,27.22,0,2025-06-29
U066,U035,41.61,45.0,50.0,44.3,1,2025-04-05
U066,U047,11.54,55.0,10.0,24.27,1,2025-02-26
U066,U050,6.07,45.0,10.0,18.53,1,2025-03-28
U066,U039,7.66,45.0,10.0,19.33,1,2025-02-25
U066,U009,3.57,45.0,50.0,25.28,0,2025-01-23
U066,U071,2.62,65.0,10.0,22.81,0,2025-06-08
U066,U068,8.1,45.0,10.0,19.55,0,2025-03-10
U067,U053,59.55,55.0,50.0,56.27,1,2025-07-06
U067,U064,35.8,30.0,50.0,36.9,1,2025-02-09
U067,U069,6.1,75.0,50.0,35.55,1,2025-05-16
U067,U061,8.15,55.0,10.0,22.57,1,2025-01-19
U067,U026,1.75,45.0,50.0,24.38,1,2025-05-05
U067,U012,7.32,30.0,10.0,14.66,0,2025-04-10
U067,U034,5.19,45.0,100.0,36.09,1,2025-02-22
U067,U040,5.51,30.0,10.0,13.75,0,2025-03-08
U067,U032,57.21,45.0,10.0,44.11,0,2025-07-04
U067,U027,2.58,45.0,10.0,16.79,0,2025-01-18
U067,U019,30.94,75.0,10.0,39.97,1,2025-06-22
U067,U029,8.58,75.0,50.0,36.79,1,2025-05-22
U067,U041,6.9,45.0,10.0,18.95,1,2025-03-26
U067,U011,5.18,65.0,100.0,42.09,0,2025-06-04
U067,U002,43.51,30.0,10.0,32.76,0,2025-04-12
U067,U075,1.66,30.0,10.0,11.83,0,2025-05-22
U067,U071,36.62,55.0,10.0,36.81,0,2025-01-17
U067,U050,7.76,75.0,10.0,28.38,1,2025-04-10
U067,U054,6.21,55.0,50.0,29.6,1,2025-04-19
U067,U006,58.48,45.0,10.0,44.74,1,2025-05-18
U067,U035,58.22,45.0,100.0,62.61,1,2025-06-30
U067,U046,6.52,55.0,10.0,21.76,0,2025-07-03
U067,U015,42.38,55.0,10.0,39.69,1,2025-03-12
U067,U039,9.44,10.0,10.0,9.72,1,2025-06-29
U067,U062,6.16,45.0,10.0,18.58,1,2025-03-10
U067,U059,12.14,75.0,10.0,30.57,0,2025-04-28
U067,U052,1.7,45.0,50.0,24.35,1,2025-01-27
U068,U007,4.21,10.0,10.0,7.11,0,2025-02-13
U068,U035,5.03,10.0,10.0,7.51,1,2025-06-23
U068,U012,70.86,55.0,10.0,53.93,0,2025-07-04
U068,U059,7.34,45.0,100.0,37.17,0,2025-07-03
U068,U033,4.56,55.0,10.0,20.78,0,2025-03-16
U068,U070,1.95,55.0,50.0,27.47,1,2025-05-20
U068,U047,69.8,55.0,10.0,53.4,1,2025-06-28
U068,U020,3.73,55.0,50.0,28.36,0,2025-04-12
U068,U040,28.65,55.0,10.0,32.83,0,2025-03-27
U068,U042,5.09,75.0,10.0,27.05,0,2025-07-03
U068,U031,1.52,45.0,100.0,34.26,0,2025-02-28
U068,U018,28.26,45.0,50.0,37.63,1,2025-05-31
U068,U025,2.88,55.0,10.0,19.94,0,2025-07-03
U068,U006,3.34,75.0,10.0,26.17,1,2025-02-13
U068,U053,6.5,55.0,10.0,21.75,1,2025-03-28
U068,U073,2.01,55.0,10.0,19.5,0,2025-06-22
U068,U036,64.8,10.0,10.0,37.4,0,2025-06-19
U068,U072,2.31,45.0,10.0,16.66,0,2025-05-28
U068,U029,6.2,45.0,10.0,18.6,1,2025-01-19
U068,U011,41.04,30.0,10.0,31.52,0,2025-05-17
U068,U023,66.28,30.0,10.0,44.14,1,2025-01-15
U068,U060,1.03,10.0,50.0,13.52,1,2025-02-03
U068,U002,1.23,55.0,10.0,19.11,1,2025-03-24
U068,U063,5.58,45.0,10.0,18.29,1,2025-05-11
U068,U046,39.97,55.0,100.0,56.48,1,2025-03-10
U068,U054,4.76,55.0,10.0,20.88,0,2025-05-23
U068,U044,2.92,55.0,10.0,19.96,0,2025-03-23
U069,U040,37.04,30.0,10.0,29.52,1,2025-03-13
U069,U060,3.35,45.0,10.0,17.17,0,2025-06-10
U069,U055,1.26,45.0,10.0,16.13,0,2025-02-03
U069,U029,34.72,75.0,100.0,59.86,1,2025-05-30
U069,U023,4.48,55.0,10.0,20.74,1,2025-05-31
U069,U030,8.85,10.0,10.0,9.42,0,2025-04-25
U069,U045,5.84,75.0,10.0,27.42,1,2025-03-17
U069,U052,11.17,45.0,100.0,39.08,0,2025-04-12
U069,U025,4.88,55.0,50.0,28.94,1,2025-06-05
U069,U046,47.72,55.0,10.0,42.36,1,2025-01-25
U069,U062,6.37,45.0,10.0,18.68,1,2025-04-22
U069,U027,3.95,45.0,10.0,17.47,0,2025-04-19
U069,U067,6.1,75.0,50.0,35.55,0,2025-04-05
U069,U033,3.55,55.0,10.0,20.28,0,2025-07-08
U069,U043,2.19,30.0,10.0,12.09,1,2025-03-15
U069,U024,3.62,55.0,10.0,20.31,1,2025-03-21
U069,U026,41.22,45.0,100.0,54.11,1,2025-03-21
U069,U022,0.89,65.0,10.0,21.95,0,2025-05-31
U069,U047,1.69,30.0,10.0,11.85,0,2025-04-20
U069,U013,1.02,75.0,10.0,25.01,0,2025-05-15
U069,U039,6.89,10.0,10.0,8.45,0,2025-01-17
U069,U049,4.89,45.0,10.0,17.95,1,2025-04-11
U069,U048,5.05,75.0,10.0,27.02,1,2025-02-03
U069,U005,9.24,100.0,100.0,54.62,1,2025-04-23
U069,U053,6.53,55.0,50.0,29.77,0,2025-07-04
U069,U059,21.6,75.0,10.0,35.3,1,2025-02-09
U069,U021,3.77,30.0,100.0,30.89,0,2025-02-26
U070,U065,62.26,65.0,10.0,52.63,0,2025-06-06
U070,U031,3.62,30.0,50.0,20.81,1,2025-02-12
U070,U011,4.31,10.0,10.0,7.15,0,2025-06-12
U070,U064,2.82,45.0,10.0,16.91,1,2025-04-11
U070,U074,100.0,65.0,10.0,71.5,0,2025-06-09
U070,U006,5.98,55.0,10.0,21.49,0,2025-04-01
U070,U005,2.87,45.0,10.0,16.93,0,2025-02-02
U070,U044,3.98,45.0,10.0,17.49,0,2025-05-03
U070,U035,5.5,30.0,10.0,13.75,1,2025-05-03
U070,U048,3.2,30.0,10.0,12.6,0,2025-01-24
U070,U010,3.84,30.0,10.0,12.92,0,2025-04-17
U070,U040,2.9,45.0,10.0,16.95,0,2025-05-16
U070,U050,34.83,30.0,50.0,36.41,0,2025-06-25
U070,U045,1.15,30.0,10.0,11.58,0,2025-07-04
U070,U042,3.98,55.0,10.0,20.49,1,2025-07-02
U070,U039,5.94,55.0,50.0,29.47,1,2025-02-20
U070,U007,2.82,30.0,10.0,12.41,1,2025-01-23
U070,U043,5.17,65.0,10.0,24.08,1,2025-02-17
U070,U024,6.34,45.0,10.0,18.67,1,2025-01-23
U070,U075,59.76,75.0,10.0,54.38,1,2025-03-31
U070,U004,4.1,45.0,10.0,17.55,0,2025-03-25
U070,U062,59.66,55.0,50.0,56.33,0,2025-06-20
U070,U060,6.51,30.0,50.0,22.25,1,2025-03-06
U070,U001,2.66,30.0,10.0,12.33,0,2025-05-27
U070,U037,4.06,45.0,10.0,17.53,0,2025-05-08
U070,U002,6.08,45.0,10.0,18.54,0,2025-05-30
U070,U046,7.28,45.0,50.0,27.14,1,2025-06-13
U071,U075,53.16,45.0,10.0,42.08,1,2025-07-08
U071,U070,55.58,45.0,10.0,43.29,0,2025-04-16
U071,U048,4.11,55.0,10.0,20.56,1,2025-03-31
U071,U050,5.19,55.0,10.0,21.1,1,2025-05-30
U071,U012,1.86,45.0,50.0,24.43,0,2025-04-05
U071,U021,34.15,45.0,10.0,32.58,1,2025-03-17
U071,U073,22.79,75.0,10.0,35.89,1,2025-06-05
U071,U042,32.62,55.0,50.0,42.81,0,2025-03-16
U071,U009,19.77,55.0,10.0,28.39,0,2025-06-18
U071,U010,18.57,55.0,100.0,45.78,1,2025-04-16
U071,U044,4.22,75.0,10.0,26.61,0,2025-05-16
U071,U001,3.12,100.0,100.0,51.56,1,2025-03-06
U071,U058,3.2,65.0,10.0,23.1,1,2025-06-27
U071,U064,32.2,45.0,10.0,31.6,1,2025-01-13
U071,U011,4.53,45.0,10.0,17.77,1,2025-01-16
U071,U029,27.79,55.0,10.0,32.39,0,2025-06-30
U071,U040,3.11,45.0,100.0,35.05,0,2025-07-06
U071,U007,3.45,100.0,10.0,33.72,0,2025-01-24
U071,U056,49.95,45.0,100.0,58.48,1,2025-03-22
U071,U014,52.87,55.0,50.0,52.93,1,2025-02-13
U071,U006,5.44,55.0,100.0,39.22,1,2025-05-29
U071,U033,5.35,45.0,50.0,26.17,0,2025-05-16
U071,U041,2.41,55.0,10.0,19.7,1,2025-03-14
U071,U031,6.09,55.0,10.0,21.55,1,2025-04-13
U071,U068,1.63,55.0,10.0,19.32,0,2025-05-11
U071,U023,2.94,45.0,50.0,24.97,0,2025-05-04
U071,U047,1.28,45.0,50.0,24.14,0,2025-05-24
U072,U038,5.05,100.0,10.0,34.52,1,2025-03-15
U072,U022,1.99,65.0,10.0,22.5,1,2025-02-22
U072,U012,27.15,30.0,50.0,32.57,1,2025-06-17
U072,U061,44.45,55.0,100.0,58.73,0,2025-01-22
U072,U028,0.76,45.0,10.0,15.88,0,2025-02-02
U072,U034,2.51,45.0,10.0,16.75,0,2025-01-18
U072,U037,1.01,55.0,50.0,27.0,0,2025-03-31
U072,U046,30.37,55.0,10.0,33.68,1,2025-02-23
U072,U026,56.02,45.0,10.0,43.51,1,2025-04-20
U072,U014,81.05,45.0,100.0,74.03,1,2025-04-13
U072,U004,3.88,100.0,50.0,41.94,0,2025-04-24
U072,U029,36.6,75.0,10.0,42.8,0,2025-04-11
U072,U017,3.86,45.0,50.0,25.43,1,2025-03-31
U072,U058,1.88,45.0,10.0,16.44,0,2025-03-22
U072,U025,1.99,55.0,10.0,19.5,0,2025-03-04
U072,U009,3.3,45.0,10.0,17.15,1,2025-03-27
U072,U033,4.39,55.0,50.0,28.69,0,2025-02-14
U072,U070,57.07,30.0,10.0,39.53,1,2025-01-16
U072,U031,3.11,75.0,10.0,26.05,0,2025-02-08
U072,U071,52.41,55.0,50.0,52.7,0,2025-02-19
U072,U003,42.65,30.0,10.0,32.32,1,2025-01-22
U072,U010,27.48,75.0,50.0,46.24,1,2025-02-26
U072,U015,3.7,55.0,10.0,20.35,0,2025-02-02
U072,U066,4.45,45.0,10.0,17.72,1,2025-02-11
U072,U063,21.34,75.0,100.0,53.17,0,2025-03-28
U072,U020,4.71,55.0,10.0,20.86,1,2025-04-22
U072,U044,3.43,55.0,10.0,20.22,0,2025-06-07
U073,U017,8.3,55.0,10.0,22.65,1,2025-06-29
U073,U063,4.34,55.0,10.0,20.67,0,2025-04-04
U073,U033,5.04,45.0,10.0,18.02,0,2025-01-14
U073,U018,2.36,65.0,10.0,22.68,0,2025-03-22
U073,U028,40.24,65.0,10.0,41.62,0,2025-06-27
U073,U048,2.38,55.0,10.0,19.69,0,2025-02-16
U073,U022,6.55,45.0,10.0,18.77,1,2025-06-20
U073,U023,42.53,45.0,10.0,36.77,1,2025-04-05
U073,U021,3.8,45.0,50.0,25.4,1,2025-07-03
U073,U047,2.94,45.0,10.0,16.97,1,2025-03-18
U073,U074,4.69,10.0,50.0,15.35,0,2025-06-12
U073,U011,5.88,45.0,100.0,36.44,1,2025-06-21
U073,U029,21.41,55.0,50.0,37.21,1,2025-04-13
U073,U012,2.04,45.0,10.0,16.52,0,2025-02-21
U073,U015,6.34,75.0,10.0,27.67,0,2025-05-12
U073,U009,17.85,55.0,50.0,35.42,1,2025-06-15
U073,U044,1.55,75.0,10.0,25.28,0,2025-06-25
U073,U037,61.11,75.0,10.0,55.05,0,2025-05-11
U073,U054,5.6,45.0,50.0,26.3,1,2025-03-06
U073,U032,3.09,55.0,10.0,20.04,1,2025-05-09
U073,U062,3.04,55.0,10.0,20.02,0,2025-06-04
U073,U042,6.39,55.0,10.0,21.69,0,2025-04-08
U073,U010,16.34,55.0,10.0,26.67,1,2025-03-27
U073,U066,2.05,65.0,50.0,30.52,1,2025-05-26
U073,U043,1.29,10.0,10.0,5.64,1,2025-03-22
U073,U027,4.62,55.0,10.0,20.81,0,2025-04-30
U073,U045,7.65,55.0,10.0,22.33,0,2025-02-12
U074,U044,3.98,10.0,10.0,6.99,1,2025-04-04
U074,U010,3.84,30.0,10.0,12.92,1,2025-04-10
U074,U039,5.94,55.0,10.0,21.47,1,2025-03-10
U074,U059,6.08,30.0,10.0,14.04,1,2025-02-07
U074,U011,4.31,45.0,50.0,25.65,1,2025-06-04
U074,U002,6.08,45.0,10.0,18.54,1,2025-05-02
U074,U064,2.82,45.0,100.0,34.91,1,2025-06-07
U074,U060,6.51,55.0,10.0,21.75,1,2025-03-05
U074,U006,5.98,100.0,10.0,34.99,1,2025-06-25
U074,U032,3.75,30.0,10.0,12.88,1,2025-02-12
U074,U075,59.76,65.0,10.0,51.38,0,2025-06-06
U074,U068,1.95,100.0,10.0,32.97,1,2025-02-16
U074,U031,3.62,30.0,10.0,12.81,0,2025-05-26
U074,U001,2.66,55.0,10.0,19.83,1,2025-02-10
U074,U058,32.22,30.0,10.0,27.11,1,2025-04-17
U074,U038,5.49,45.0,10.0,18.25,1,2025-02-21
U074,U067,5.27,30.0,50.0,21.63,1,2025-02-09
U074,U072,57.07,30.0,10.0,39.53,0,2025-05-19
U074,U017,37.37,100.0,10.0,50.68,1,2025-02-22
U074,U041,1.14,100.0,10.0,32.57,1,2025-01-15
U074,U053,7.18,45.0,100.0,37.09,1,2025-05-23
U074,U014,57.55,30.0,10.0,39.77,1,2025-04-19
U074,U045,1.15,30.0,10.0,11.58,0,2025-05-26
U074,U021,4.78,45.0,50.0,25.89,1,2025-04-17
U074,U024,6.34,45.0,10.0,18.67,0,2025-02-25
U074,U062,59.66,100.0,10.0,61.83,1,2025-03-13
U074,U040,2.9,45.0,10.0,16.95,0,2025-04-26
U075,U004,6.82,45.0,10.0,18.91,1,2025-04-12
U075,U033,3.65,45.0,10.0,17.33,1,2025-01-16
U075,U003,18.69,75.0,10.0,33.85,1,2025-02-18
U075,U062,57.7,55.0,10.0,47.35,1,2025-05-30
U075,U013,7.43,30.0,100.0,32.72,0,2025-05-01
U075,U006,2.48,55.0,10.0,19.74,1,2025-07-01
U075,U011,5.54,10.0,10.0,7.77,0,2025-03-10
U075,U067,1.66,30.0,10.0,11.83,0,2025-02-26
U075,U034,4.21,100.0,10.0,34.11,1,2025-03-05
U075,U009,3.31,55.0,10.0,20.15,1,2025-07-06
U075,U026,58.67,30.0,10.0,40.33,0,2025-02-26
U075,U021,4.82,45.0,10.0,17.91,1,2025-07-05
U075,U040,3.07,45.0,10.0,17.04,0,2025-04-10
U075,U032,34.11,55.0,100.0,53.55,1,2025-06-12
U075,U038,11.21,45.0,10.0,21.11,0,2025-05-21
U075,U030,4.62,55.0,10.0,20.81,0,2025-04-25
U075,U014,55.65,55.0,10.0,46.33,1,2025-02-12
U075,U024,6.68,45.0,10.0,18.84,0,2025-03-21
U075,U020,10.47,45.0,10.0,20.74,0,2025-06-09
U075,U023,3.46,45.0,10.0,17.23,0,2025-01-22
U075,U052,60.35,30.0,10.0,41.18,1,2025-01-22
U075,U045,32.23,30.0,10.0,27.12,0,2025-03-06
U075,U053,3.98,45.0,10.0,17.49,0,2025-04-22
U075,U010,3.31,30.0,10.0,12.66,1,2025-02-20
U075,U071,53.16,45.0,10.0,42.08,0,2025-06-03
U075,U049,4.3,100.0,10.0,34.15,1,2025-04-04
U075,U044,5.58,45.0,100.0,36.29,0,2025-04-24
